Date,Price,Open,High,Low,Vol.,Change %
02-01-2017,542.25,527.5,544.5,522.9,4.79M,3.57%
03-01-2017,449.45,455.9,455.9,448,8.37M,-1.60%
06-01-2017,476.65,476.95,479.7,473.55,3.00M,0.11%
08-01-2017,446.9,446.55,452.35,445.7,4.01M,0.52%
09-01-2017,390.85,379.35,392.85,378.65,7.38M,3.80%
11-01-2017,437.75,430.95,439.95,428.45,7.31M,2.18%
12-01-2017,398.9,407.9,410.25,396.5,7.96M,-1.30%
13-01-2017,514.85,523.25,523.25,507.5,6.37M,-0.66%
16-01-2017,526.4,518.65,529.45,517,6.08M,2.24%
17-01-2017,523.7,528.1,530.8,521,4.30M,-0.51%
18-01-2017,522.45,523.05,529.6,521.2,5.87M,-0.24%
19-01-2017,531.45,523,535.6,522.7,5.81M,1.72%
20-01-2017,523.2,527.4,529.3,521.25,5.01M,-1.55%
23-01-2017,532.7,523.2,534.95,523,4.21M,1.82%
24-01-2017,541.55,533,543,532.35,5.18M,1.66%
25-01-2017,548.9,543.25,551.9,541.55,4.50M,1.36%
27-01-2017,541.95,549,552,539.75,4.49M,-1.27%
30-01-2017,532.3,542,543.5,530.8,4.16M,-1.78%
31-01-2017,523.55,530.2,531.5,518,6.04M,-1.64%
01-02-2017,487.05,472,488.7,469.05,4.02M,3.19%
02-02-2017,531.5,537.6,537.6,526.8,6.58M,-1.98%
03-02-2017,461.7,457.85,467.9,453.2,13.67M,2.73%
05-02-2017,451.25,456.6,457.2,448.55,6.07M,-1.67%
06-02-2017,478.75,480,485.95,477.7,4.32M,0.44%
08-02-2017,440.35,449.5,449.95,438.15,4.05M,-1.47%
11-02-2017,434.9,435.7,440.4,429.9,8.26M,-0.65%
13-02-2017,505.3,512.7,512.7,503.3,4.70M,-0.83%
14-02-2017,482.05,503,506.7,466.55,14.90M,-4.60%
15-02-2017,436.45,449.05,453,434.35,38.64M,-9.46%
16-02-2017,446,442.55,447.6,435.4,11.62M,2.19%
17-02-2017,452.95,447.9,456.6,442.4,10.06M,1.56%
20-02-2017,455.45,451.5,458.45,449,5.87M,0.55%
21-02-2017,458.65,456.9,462.8,454.5,6.88M,0.70%
22-02-2017,460.05,460.25,466.7,455.8,7.32M,0.31%
23-02-2017,462.35,464,464.7,457.25,9.49M,0.50%
27-02-2017,457.8,464,464,455.1,5.51M,-0.98%
28-02-2017,456.75,460,460,454.1,5.72M,-0.23%
01-03-2017,481.1,491,492.7,479.9,5.81M,-1.22%
02-03-2017,522.6,531.9,531.9,519.5,5.30M,-1.67%
03-03-2017,459.95,463.3,466.85,458.6,7.09M,-0.38%
04-03-2017,470.4,468.25,472.3,467.6,2.95M,0.98%
05-03-2017,446.6,451.35,456,444.65,5.16M,-1.03%
07-03-2017,430.25,431.5,434.7,426.25,6.23M,-0.53%
08-03-2017,431.45,441,441.5,429.6,6.20M,-2.02%
10-03-2017,416,428,428,415,9.70M,3.61%
11-03-2017,447.7,434,449.35,432.65,8.12M,2.94%
14-03-2017,469.75,481,483,468.45,6.35M,0.14%
15-03-2017,473.45,475,476.55,470.65,4.80M,0.79%
16-03-2017,480.95,478.7,482,476.15,6.27M,1.58%
17-03-2017,476.5,481.35,484.2,471.7,6.34M,-0.93%
20-03-2017,476,476.55,478.2,470.75,2.87M,-0.10%
21-03-2017,473.75,478,478.05,470.65,4.69M,-0.47%
22-03-2017,459.9,469.95,469.95,458.5,4.70M,-2.92%
23-03-2017,472.9,461.3,477,461.3,8.67M,2.83%
24-03-2017,470.4,470.75,474.8,467.55,4.30M,-0.53%
27-03-2017,464.75,469,469.15,462.1,4.42M,-1.20%
28-03-2017,472.4,467.5,473,467.5,2.98M,1.65%
29-03-2017,469.05,474.9,475,463.6,6.68M,-0.71%
30-03-2017,468.4,463.5,469.8,462.85,9.48M,-0.14%
31-03-2017,465.85,466.5,472.5,464.5,6.40M,-0.54%
01-04-2017,486.65,484.65,493.7,484.1,4.77M,1.15%
05-04-2017,436.5,446.65,448.1,435.15,6.20M,-2.26%
07-04-2017,426.9,434.2,436.4,426,5.02M,-0.78%
08-04-2017,435.6,435.1,438.75,433.45,4.17M,0.96%
09-04-2017,383.4,393,396.05,380.5,8.43M,-1.91%
10-04-2017,423.55,417.55,426,412.7,7.66M,1.81%
12-04-2017,403.65,405.8,411.25,401.7,10.04M,1.19%
13-04-2017,453.35,461.85,463.35,451.2,5.93M,-2.41%
17-04-2017,449.2,452,455.7,447.3,4.91M,-0.92%
18-04-2017,443.7,452,455.75,442.5,4.24M,-1.22%
19-04-2017,443.05,443,449.5,438.3,6.32M,-0.15%
20-04-2017,443.95,447.85,447.85,442.1,3.29M,0.20%
21-04-2017,440.6,446.75,448.45,437.6,5.33M,-0.75%
24-04-2017,443.85,439.8,449,438.75,6.21M,0.74%
25-04-2017,445.65,445.85,447.75,443.3,5.89M,0.41%
26-04-2017,450.8,446,454.4,445.5,8.44M,1.16%
27-04-2017,455.35,455,460.9,452.7,10.59M,1.01%
28-04-2017,458.9,457.1,462,454.4,5.13M,0.78%
01-05-2017,502.15,496,503.4,495.55,7.96M,3.19%
04-05-2017,473.5,470.4,475,467.25,5.29M,0.66%
05-05-2017,419.6,436.5,436.5,418,9.49M,-3.87%
06-05-2017,478.15,478.3,481.9,475.2,2.46M,-0.13%
07-05-2017,431.75,428.9,433.95,427.4,5.05M,1.14%
09-05-2017,388.15,385.7,389.5,383.4,4.48M,1.24%
10-05-2017,423.3,423,425.8,420.1,4.61M,-0.06%
12-05-2017,402.25,404.55,405.5,396.55,7.14M,-0.35%
15-05-2017,431.9,434,434,430.1,1.89M,0.24%
16-05-2017,437.25,432.25,439.5,432.25,3.45M,1.24%
17-05-2017,449.1,436.5,452.5,435.1,6.57M,2.71%
18-05-2017,437.95,442,448.7,436,6.16M,-2.48%
19-05-2017,443.35,439,444.95,434.6,4.39M,1.23%
22-05-2017,449.65,446,452.75,442.6,6.15M,1.42%
23-05-2017,450.5,451.45,456.45,444.3,10.33M,0.19%
24-05-2017,469.55,470,473.35,458.1,27.37M,4.23%
25-05-2017,476,470,479,464.7,15.11M,1.37%
26-05-2017,481.1,474.1,488.25,473.5,7.69M,1.07%
29-05-2017,481.5,482.5,485,471.8,4.25M,0.08%
30-05-2017,481.3,482.7,487,480,3.10M,-0.04%
31-05-2017,476.15,482.3,483,474.8,5.39M,-1.07%
01-06-2017,497.75,502.95,507.95,496.25,4.91M,-0.88%
02-06-2017,525.85,527.9,531.45,523.2,3.64M,0.62%
03-06-2017,470.8,462.5,472.7,462.1,4.04M,2.36%
04-06-2017,473.2,474.3,478.5,470.6,6.70M,-0.06%
06-06-2017,461,482.9,484.35,457.6,8.02M,-3.59%
07-06-2017,437.1,435.4,438.8,433.8,4.04M,1.24%
09-06-2017,382.7,385,386.7,381.85,5.95M,-1.40%
10-06-2017,424.85,422,426,416.2,5.31M,0.37%
11-06-2017,462.9,445.75,468,443.55,19.46M,3.40%
12-06-2017,397.05,400.2,404,395,5.57M,-1.29%
13-06-2017,449.55,457.15,458.75,448,3.58M,-1.47%
14-06-2017,451.95,450.8,453.4,447.05,3.61M,0.53%
15-06-2017,448.3,452,457.85,446.95,3.88M,-0.81%
16-06-2017,455.75,454.7,458.4,452,7.04M,1.66%
19-06-2017,452.35,453.8,456.4,450.5,3.87M,-0.75%
20-06-2017,467.4,457,470.75,456,12.01M,3.33%
21-06-2017,457.3,466,466,455.5,5.44M,-2.16%
22-06-2017,452.7,458.85,463,451.6,5.01M,-1.01%
23-06-2017,443.15,454,456.5,442.4,6.75M,-2.11%
27-06-2017,442.3,443.8,444.5,434.4,5.92M,-0.19%
28-06-2017,442.5,443.9,446.8,440.15,4.96M,0.05%
29-06-2017,435.6,444.5,446.25,434,11.09M,-1.56%
30-06-2017,432.55,433.9,435.6,428.05,4.78M,-0.70%
02-07-2017,506.8,524.8,524.8,502,7.99M,-3.62%
03-07-2017,467.55,469.5,475.9,466.05,7.11M,-0.69%
04-07-2017,468.3,468.45,480.55,466.65,8.09M,-1.04%
06-07-2017,458,462.55,463.65,453.5,5.25M,-0.65%
07-07-2017,436.85,434.45,441.45,432.25,5.31M,-0.06%
08-07-2017,430,438.6,439.8,425.3,6.46M,-1.29%
09-07-2017,378.15,383.7,384.4,376,7.94M,-1.19%
11-07-2017,451.85,458.2,465.9,450.05,13.27M,-2.39%
12-07-2017,402,398,405.3,397.15,8.00M,1.25%
13-07-2017,459.05,464.5,464.5,455.55,4.38M,-0.42%
14-07-2017,451.3,460,460,450.4,3.97M,-1.69%
17-07-2017,454.15,455,458.35,453.25,4.92M,0.63%
18-07-2017,456.15,452.6,459.5,452.6,2.35M,0.44%
19-07-2017,460.6,453,462.9,453,3.40M,0.98%
20-07-2017,460.15,463.5,464.35,457.35,3.32M,-0.10%
21-07-2017,464.6,460,465.9,457.6,3.15M,0.97%
24-07-2017,464,464.95,468.35,461,3.77M,-0.13%
25-07-2017,456.1,462.15,464.7,454.7,7.05M,-1.70%
26-07-2017,457.3,457.2,458.7,455,3.64M,0.26%
27-07-2017,445.4,459,460.95,440.3,13.74M,-2.60%
28-07-2017,445.85,444.6,447.45,442.45,3.37M,0.10%
31-07-2017,444.6,446.25,449.7,443.7,3.80M,-0.28%
02-08-2017,513.05,512.35,514.95,506.3,5.98M,1.23%
03-08-2017,462.8,469.4,469.6,461.15,5.35M,-1.02%
05-08-2017,422.65,424.75,428.7,417.25,7.43M,0.73%
06-08-2017,460.8,459.5,463.45,457.35,4.07M,0.61%
08-08-2017,430,432,435.5,426,7.13M,0.00%
09-08-2017,375.05,381,381.8,374.05,7.47M,-0.82%
11-08-2017,438.2,448,455,431.3,11.19M,-3.02%
12-08-2017,411.15,406,413.75,406,12.29M,2.28%
14-08-2017,375.4,380,381.8,372.6,8.22M,0.24%
16-08-2017,389.25,379.45,390.7,375.5,11.02M,3.69%
17-08-2017,385.3,392.45,392.45,384.5,5.97M,-1.01%
18-08-2017,380.4,381.75,383,377,5.86M,-1.27%
21-08-2017,374.35,382,382.55,371.3,5.12M,-1.59%
22-08-2017,373.6,378.8,379.95,372.25,4.16M,-0.20%
23-08-2017,379.95,376,381.15,373.35,4.45M,1.70%
24-08-2017,384.15,380.1,385.95,380.1,5.21M,1.11%
28-08-2017,379.3,385.85,387.4,378.3,4.40M,-1.26%
29-08-2017,376.1,379,382.35,374.45,4.69M,-0.84%
30-08-2017,378.5,380.85,382.75,377.45,3.73M,0.64%
31-08-2017,376.55,380.05,380.45,375.8,4.69M,-0.52%
01-09-2017,500.15,499.4,504.6,492.15,3.93M,0.48%
02-09-2017,512.85,515.4,518,505.75,4.10M,-0.04%
03-09-2017,467.6,462.45,469.7,462,3.84M,1.04%
05-09-2017,426.8,424.75,428.8,422.7,2.83M,0.98%
06-09-2017,467.1,459.95,468,455,4.60M,1.37%
08-09-2017,416.05,428.8,429.9,415,10.85M,-3.24%
10-09-2017,425.6,424,432.1,423.05,4.41M,0.18%
11-09-2017,440.15,442.1,450.9,425.65,40.55M,0.44%
13-09-2017,389.65,391,393.95,387.2,6.54M,0.36%
14-09-2017,404.4,390.75,406.6,390.25,11.48M,3.79%
15-09-2017,401.75,402.85,406.75,400,9.68M,-0.66%
18-09-2017,404.95,411.85,413,403.2,8.97M,0.80%
19-09-2017,423.65,415,427.7,414,28.21M,4.62%
20-09-2017,414.8,422.75,422.75,413,5.18M,-2.09%
21-09-2017,413.65,415.4,418.45,408.8,6.95M,-0.28%
22-09-2017,411.8,414,422.15,408.85,9.78M,-0.45%
25-09-2017,408.2,413.65,415.3,404.6,6.96M,-0.87%
26-09-2017,411.25,409.4,413.9,403.3,5.08M,0.75%
27-09-2017,404.9,413.5,414.25,402,4.73M,-1.54%
28-09-2017,401.4,406.95,406.95,399,4.85M,-0.86%
29-09-2017,401.5,401.4,405,397.4,7.52M,0.02%
01-10-2017,516.25,506.55,518,505.95,7.97M,3.22%
02-10-2017,509.55,513,514.8,506.5,4.73M,-0.64%
03-10-2017,469.1,471,471.85,465.1,5.77M,0.32%
04-10-2017,474.9,471.65,478.3,467.55,5.44M,1.41%
05-10-2017,432.3,427.8,433,424,5.38M,1.29%
07-10-2017,446.95,460,460,442.55,1.19M,2.31%
08-10-2017,380.2,401,403.6,375.25,28.11M,-8.62%
10-10-2017,423.6,425.6,428.9,421.4,5.06M,-0.47%
11-10-2017,422.55,438.95,438.95,420,22.53M,-4.00%
13-10-2017,424.8,421,429.3,418.9,6.97M,1.11%
16-10-2017,437.05,426.3,438,425.85,8.48M,2.88%
17-10-2017,432.3,435.75,435.75,430.2,5.14M,-1.09%
18-10-2017,433.2,432.25,437.3,426.6,5.54M,0.21%
19-10-2017,426.95,433,433.1,424.25,1.31M,-1.44%
23-10-2017,422.75,429.1,430.85,421,4.01M,-0.98%
24-10-2017,416.05,422.75,423.8,415.05,4.54M,-1.58%
25-10-2017,421.95,421,424.4,415.1,5.67M,1.42%
26-10-2017,419.4,421.7,422.4,417,6.21M,-0.60%
27-10-2017,429.9,422.05,434.35,422.05,7.41M,2.50%
30-10-2017,436.55,428.25,440.95,428.25,7.68M,1.55%
31-10-2017,428.4,438.85,438.85,427.3,6.21M,-1.87%
01-11-2017,519.25,520.25,523.95,517.15,4.89M,0.58%
04-11-2017,472.25,477.9,478.35,471.1,4.89M,-0.56%
05-11-2017,427.45,434,434.5,425.4,4.05M,-1.12%
07-11-2017,456.95,452,462.3,451,12.07M,2.24%
08-11-2017,374.5,376,379.1,358.5,14.70M,-1.50%
09-11-2017,375.3,380,380,374.2,5.40M,0.07%
10-11-2017,415.5,424.9,424.9,414.1,4.32M,-1.91%
12-11-2017,410.15,412,415.2,409.05,5.07M,-0.24%
13-11-2017,418.1,423,427.5,416.1,9.86M,-1.05%
14-11-2017,414.3,418.55,421.85,410.65,8.99M,-0.91%
15-11-2017,408.65,414.3,417.55,407,9.87M,-1.36%
16-11-2017,413.45,411.35,415.9,411.35,6.29M,1.17%
17-11-2017,421.8,419.45,423.45,417,6.19M,2.02%
20-11-2017,423,421,425.7,420.1,4.05M,0.28%
21-11-2017,424.25,424.45,430,422.5,6.75M,0.30%
22-11-2017,428.6,425.45,433,424.5,7.90M,1.03%
23-11-2017,426.25,428.6,431.05,422.45,7.37M,-0.55%
24-11-2017,425.5,427,429.95,424.25,5.11M,-0.18%
27-11-2017,421.4,423,424.75,417.8,7.95M,-0.96%
28-11-2017,415.95,419.8,422.25,414.5,6.22M,-1.29%
29-11-2017,413.95,415.9,419.45,412.05,4.33M,-0.48%
30-11-2017,404.15,410.4,412.25,402.25,25.65M,-2.37%
01-12-2017,518.25,521.7,524,513.2,4.22M,-0.19%
04-12-2017,464.55,468.7,471.55,461.6,5.99M,-1.63%
05-12-2017,430.85,429.65,433.8,427.45,3.85M,0.80%
06-12-2017,456.25,463.75,465.25,455.2,4.34M,-2.32%
07-12-2017,461,461,463.8,456.6,6.05M,0.89%
09-12-2017,388.25,378.7,390,375.5,9.27M,3.45%
10-12-2017,420.15,415.5,421.8,409.35,5.44M,1.12%
12-12-2017,406.85,411.55,415.5,405.95,6.15M,-0.80%
13-12-2017,401.95,407,409.85,400,5.14M,-1.20%
14-12-2017,402.4,404,404.55,398.2,4.67M,0.11%
15-12-2017,405.1,406.5,409,404.2,5.61M,0.67%
18-12-2017,405.8,399,409.9,389.3,5.36M,0.17%
19-12-2017,420.1,407.35,421.7,407.35,9.69M,3.52%
20-12-2017,422.6,421.95,427.75,419.25,11.19M,0.60%
21-12-2017,420.8,424,426.05,419.55,4.89M,-0.43%
22-12-2017,422,422.05,426.4,420.9,5.35M,0.29%
26-12-2017,424.2,422,425.15,421.15,3.70M,0.52%
27-12-2017,422.45,423.5,428.45,420.3,3.67M,-0.41%
28-12-2017,418.6,423.5,423.7,416,5.02M,-0.91%
29-12-2017,431.85,418,433.45,417.15,8.64M,3.17%
01-01-2018,424.45,430.95,436.4,422.25,6.81M,-1.71%
02-01-2018,393.65,399.9,403.8,390.55,7.26M,-1.46%
03-01-2018,370.75,369.75,376.3,369.05,6.99M,0.23%
06-01-2018,287.2,284.5,290.35,283.05,15.84M,1.66%
08-01-2018,265.05,250,268,250,53.28M,0.36%
10-01-2018,229.35,225,230.45,220,9.74M,2.53%
11-01-2018,179.45,182,186.05,178.2,28.95M,0.20%
15-01-2018,432.35,438.05,440.05,431.05,4.04M,-1.09%
16-01-2018,421.9,433,435.2,419.5,5.62M,-2.42%
17-01-2018,422.95,422.05,424.5,410.1,10.20M,0.25%
18-01-2018,418.95,424,428.3,414.45,9.58M,-0.95%
19-01-2018,418.05,415.2,421.95,415.05,3.89M,-0.21%
22-01-2018,421.9,419.05,424.4,418.45,4.64M,0.92%
23-01-2018,418,422.8,422.8,414.75,6.19M,-0.92%
24-01-2018,403.6,416,416.25,402.65,10.79M,-3.44%
25-01-2018,400.3,403.45,407.65,398,16.31M,-0.82%
29-01-2018,399.25,402.5,405.9,398.1,5.79M,-0.26%
30-01-2018,395.85,400,402.3,395,6.96M,-0.85%
31-01-2018,399.5,395.5,400.95,395.25,5.11M,0.92%
01-02-2018,439.3,428.85,440.85,422,15.33M,3.50%
02-02-2018,383.75,392,397.4,381.3,10.07M,-2.51%
04-02-2018,339.15,335,340.8,332.7,9.87M,3.76%
05-02-2018,336.05,349.2,351.65,335,16.02M,-1.28%
07-02-2018,266.7,276,276.05,265.6,16.50M,-0.97%
08-02-2018,260.85,263.45,266.45,258.7,17.42M,-1.58%
11-02-2018,190.3,180.95,191.85,180.9,29.43M,6.05%
14-02-2018,376.85,372.9,382.3,370.6,9.62M,1.36%
15-02-2018,375.8,379.8,382.2,373.1,10.23M,-0.28%
16-02-2018,370.75,378,379.4,367.6,8.55M,-1.34%
19-02-2018,368.75,373.7,374.7,362.8,5.66M,-0.54%
20-02-2018,369.3,370.35,370.9,366.5,3.97M,0.15%
21-02-2018,364.45,372.5,372.5,362.85,8.64M,-1.31%
22-02-2018,358.5,363,363,357.5,10.87M,-1.63%
23-02-2018,360.2,360.1,364.6,358.75,6.75M,0.47%
26-02-2018,372.05,362,373.5,362,10.58M,3.29%
27-02-2018,372.55,375,376.6,370.35,6.16M,0.13%
28-02-2018,369.9,370,373.65,367.15,8.01M,-0.71%
01-03-2018,433.9,440.4,441.4,431.95,9.79M,-1.23%
04-03-2018,343.1,338.4,344.5,337.15,6.99M,1.16%
05-03-2018,333.5,335.5,335.9,329.15,6.87M,-0.76%
07-03-2018,269.45,269.5,271.5,267.2,11.48M,1.03%
08-03-2018,258.45,262.15,263.85,257.6,9.04M,-0.92%
09-03-2018,266.6,271.4,273,265.25,14.60M,-0.34%
10-03-2018,227.6,230,232.8,225.8,9.09M,-0.76%
12-03-2018,175.45,173.25,176.45,170,14.07M,2.04%
13-03-2018,353.15,352.6,356.45,350,6.18M,0.16%
14-03-2018,354.05,351,354.9,349.6,3.82M,0.25%
15-03-2018,353.1,354.05,358.4,351.1,4.33M,-0.27%
16-03-2018,339.75,352.05,352.6,338.4,14.21M,-3.78%
19-03-2018,335.7,341.2,342.1,332.55,9.39M,-1.19%
20-03-2018,338.8,335.5,340.4,333.55,5.08M,0.92%
21-03-2018,333.85,339.9,342.25,332.25,6.81M,-1.46%
22-03-2018,338.2,338.5,340.25,334.8,9.26M,1.30%
23-03-2018,330.85,330,334.8,329.6,8.58M,-2.17%
26-03-2018,332.35,328.8,333.9,324.3,8.91M,0.45%
27-03-2018,331.15,333.95,335.8,330.1,6.82M,-0.36%
28-03-2018,326.85,331.5,333.65,325.2,10.98M,-1.30%
01-04-2018,429.95,430,433.3,425.75,8.40M,-0.91%
04-04-2018,355.6,346.8,363.7,346.25,27.16M,3.64%
05-04-2018,334.4,333.75,337.3,329.5,6.66M,0.27%
06-04-2018,286.65,292.5,293.85,286,10.84M,-0.19%
07-04-2018,267.05,270,271.5,265.65,7.39M,-0.89%
09-04-2018,261.95,270.5,270.8,260.35,14.78M,-1.74%
10-04-2018,223.25,224,230.8,221.75,13.90M,-1.91%
12-04-2018,175.75,177.95,178.75,175.3,11.48M,0.17%
13-04-2018,357.05,357.9,361,354.4,5.94M,-0.38%
16-04-2018,339.15,350.8,352.8,337.55,19.16M,-5.01%
17-04-2018,336.45,342.3,344.2,332.6,14.24M,-0.80%
18-04-2018,334.8,338.2,339.75,333.4,6.70M,-0.49%
19-04-2018,334.25,336.5,337,332.5,7.09M,-0.16%
20-04-2018,336,335.95,343.25,334.6,11.91M,0.52%
23-04-2018,334.05,335.95,339.5,333,8.06M,-0.58%
24-04-2018,331.55,334.8,335,330.6,9.21M,-0.75%
25-04-2018,328.6,330.8,334,327.75,6.31M,-0.89%
26-04-2018,330.25,329.9,335.95,326,16.65M,0.50%
27-04-2018,336.9,333,337.65,331.05,8.80M,2.01%
30-04-2018,340.4,338.5,342.75,337.25,5.94M,1.04%
01-05-2018,431.6,431.25,436.35,429.8,7.02M,0.38%
02-05-2018,395.8,381,398,380,9.88M,3.14%
03-05-2018,352.05,368.75,368.75,350.1,14.67M,-5.04%
04-05-2018,362.2,362.6,372.35,359.8,28.89M,1.86%
06-05-2018,284.95,286.65,288.25,283.6,7.46M,-0.59%
07-05-2018,261.55,263.5,263.75,252.55,20.82M,-2.06%
09-05-2018,266.5,261,271,255.4,10.08M,1.74%
10-05-2018,216.25,222.75,226.45,214.75,10.47M,-3.14%
11-05-2018,189.8,191.3,191.3,186.65,14.82M,-0.26%
12-05-2018,169.2,173,173,168.6,14.96M,-3.73%
14-05-2018,323.6,333,333,323,8.31M,-2.18%
15-05-2018,310.1,324,324.05,305.7,15.32M,-4.17%
16-05-2018,310.25,309.95,315.75,306.7,12.05M,0.05%
17-05-2018,314.9,313.1,319.5,309.3,10.21M,1.50%
18-05-2018,304.6,314.75,315,303.5,11.69M,-3.27%
21-05-2018,295.9,304.75,307.2,294.7,11.55M,-2.86%
22-05-2018,307.7,296.55,312.5,296.55,17.20M,3.99%
23-05-2018,309.45,311.1,317.25,305.4,17.70M,0.57%
24-05-2018,288.65,300,307.65,284.1,46.10M,-6.72%
25-05-2018,294.15,290.4,297.45,286.25,19.24M,1.91%
28-05-2018,296.3,293.75,299.9,290.3,8.52M,0.73%
29-05-2018,294.65,296.8,300,293,9.82M,-0.56%
30-05-2018,288.9,289.95,292.25,286.15,11.65M,-1.95%
31-05-2018,282.5,289.95,290.85,281.6,28.77M,-2.22%
02-06-2018,375.45,363,379.85,356.5,25.29M,-5.14%
03-06-2018,346.5,355.15,357.95,345,8.88M,-1.58%
04-06-2018,364.1,362,368.35,356.45,13.30M,0.52%
06-06-2018,295.65,286.85,296.9,285.25,19.75M,3.76%
07-06-2018,270.85,262,272.5,261.85,19.22M,3.56%
08-06-2018,254.05,259.95,261.8,252.5,11.37M,-1.70%
09-06-2018,269.95,269.7,272,263.85,14.74M,1.29%
11-06-2018,193.25,192.45,199.95,191.75,35.34M,1.82%
12-06-2018,162.65,168.5,168.7,161.6,15.43M,-3.87%
13-06-2018,308.4,309.2,311.25,307,7.28M,0.19%
14-06-2018,305.9,308.5,309.6,303.8,6.53M,-0.81%
15-06-2018,302.95,305.75,307.65,300.55,8.22M,-0.96%
18-06-2018,308.8,302.9,311,302.1,8.79M,1.93%
19-06-2018,305.05,309.6,312.8,303.3,10.50M,-1.21%
20-06-2018,305.6,304.9,308.25,304.05,6.61M,0.18%
21-06-2018,307,307.9,308.5,305.5,5.09M,0.46%
22-06-2018,308,306.85,308.9,303.2,6.03M,0.33%
25-06-2018,289.4,306.3,306.3,287.6,16.39M,-6.04%
26-06-2018,276.85,288.4,288.4,275.1,30.73M,-4.34%
27-06-2018,271.05,278.5,279.5,270,19.08M,-2.10%
28-06-2018,263.35,272,272.65,261.85,19.51M,-2.84%
29-06-2018,269.3,265.45,270.5,262.65,14.77M,2.26%
02-07-2018,377.8,380.4,385.4,375.2,12.71M,0.63%
03-07-2018,347.8,345,355.3,343.25,15.60M,0.38%
05-07-2018,335.15,337.85,337.85,333.7,3.89M,0.22%
06-07-2018,305.4,296.3,306.9,295.25,22.84M,3.30%
08-07-2018,251.6,255.2,256,250.55,14.49M,-0.96%
09-07-2018,277.4,269.55,279.9,269.25,26.19M,2.76%
11-07-2018,194.85,194.95,195.75,193.35,3.93M,0.83%
12-07-2018,162.4,162.25,164.2,160.8,13.55M,-0.15%
13-07-2018,263.6,267.3,269.4,262.7,8.35M,-0.94%
16-07-2018,252.1,260.5,260.8,250.5,11.07M,-4.36%
17-07-2018,257.95,253,259,252.3,6.35M,2.32%
18-07-2018,251.85,259.45,259.45,247.3,9.35M,-2.36%
19-07-2018,252.5,254,257.85,251.2,9.56M,0.26%
20-07-2018,253.4,252.7,254,251,6.42M,0.36%
23-07-2018,258.75,254.95,259.5,251.1,8.89M,2.11%
24-07-2018,258.8,258.75,263.75,257.1,9.91M,0.02%
25-07-2018,257.85,260,261.7,256.1,6.72M,-0.37%
26-07-2018,258.25,260.1,263,257.5,8.82M,0.16%
27-07-2018,268.15,259.1,269.7,258.55,15.28M,3.83%
30-07-2018,267.5,267.75,271.65,266.2,7.80M,-0.24%
31-07-2018,264.1,268.95,270.45,262.2,10.03M,-1.27%
01-08-2018,433.55,432,436.2,431.65,4.64M,0.45%
02-08-2018,374.85,379.9,380,372.2,12.45M,-0.78%
03-08-2018,345.15,350.8,351.9,341.05,7.67M,-0.76%
05-08-2018,332.15,336.3,336.6,330.25,8.11M,-0.90%
06-08-2018,309.95,305.7,315.55,302.4,27.25M,1.49%
08-08-2018,255.15,253.5,258.25,251.85,16.13M,1.41%
10-08-2018,212.35,217.8,218.5,208.1,11.85M,-1.80%
13-08-2018,248.7,249.25,249.7,243.1,13.88M,-0.56%
14-08-2018,248.8,248.6,249.85,247.2,9.17M,0.04%
16-08-2018,251.3,245.8,252.8,245.25,14.15M,1.00%
17-08-2018,258.25,253.7,260.1,253,16.12M,2.77%
20-08-2018,270.1,261.85,271.85,259.2,25.58M,4.59%
21-08-2018,268.8,271.85,274.7,266.7,19.51M,-0.48%
23-08-2018,256.9,269.2,269.2,256,18.67M,-4.43%
24-08-2018,255.5,257,258.65,255,8.70M,-0.54%
27-08-2018,258.8,257,259.5,256.5,6.13M,1.29%
28-08-2018,260,261.7,263.25,259.05,8.51M,0.46%
29-08-2018,261.7,261.05,263.5,261,5.12M,0.65%
30-08-2018,259.35,262.3,263,259,6.33M,-0.90%
31-08-2018,267.5,259.1,268.25,258.1,12.36M,3.14%
01-09-2018,437.55,434.25,443.5,433,12.63M,0.92%
02-09-2018,368.75,369.9,373.2,368,8.82M,-1.63%
03-09-2018,341.5,345.55,348.7,340.15,5.52M,-1.06%
04-09-2018,358.3,361.9,368.6,357,9.56M,-1.59%
05-09-2018,341.95,331,347.25,331,19.02M,2.95%
07-09-2018,273.5,274.6,277,272.05,9.39M,0.98%
08-09-2018,257.85,256.65,260.4,255.5,7.78M,1.06%
10-09-2018,184.35,205.7,206,170.3,142.76M,-13.19%
11-09-2018,195.25,192.9,200.75,192,22.34M,0.21%
14-09-2018,266.6,265,269.6,263.4,10.71M,1.60%
17-09-2018,260.25,263.35,264.1,259.65,9.46M,-2.38%
18-09-2018,251.5,257.75,259.8,250.6,11.55M,-3.36%
19-09-2018,252.6,253.55,255,251,7.85M,0.44%
21-09-2018,250.35,255.05,257.7,228.85,18.55M,-0.89%
24-09-2018,240.2,250.2,251,239.35,8.89M,-4.05%
25-09-2018,240.8,241,243.5,235.45,9.03M,0.25%
26-09-2018,233.35,242.3,243.2,229.55,17.81M,-3.09%
27-09-2018,225.25,234.8,236.55,223.1,17.43M,-3.47%
28-09-2018,223.7,227.9,230.7,219.5,14.20M,-0.69%
01-10-2018,433.3,438,439.3,431.3,4.70M,-0.97%
04-10-2018,353.25,360.5,362.35,351.5,8.20M,-1.41%
05-10-2018,333.6,343.75,343.75,332.75,11.16M,-2.44%
07-10-2018,275.45,274.9,276.9,272.9,6.35M,0.71%
08-10-2018,250.1,257.25,258.65,249.55,14.61M,-3.01%
09-10-2018,275.7,276,282,271.75,21.32M,-0.61%
10-10-2018,188.75,186,190.95,185.05,35.67M,2.39%
12-10-2018,157.1,159.9,160.5,156.5,13.52M,-3.26%
15-10-2018,184.35,186.5,186.5,182.7,11.66M,0.33%
16-10-2018,185.85,185.2,187.25,184.55,9.70M,0.81%
17-10-2018,179.95,187.6,187.8,179.1,12.00M,-3.17%
19-10-2018,174.7,178.95,179.75,174,10.47M,-2.92%
22-10-2018,170.75,176.4,176.85,170.05,11.72M,-2.26%
23-10-2018,170.65,170,175.7,169.55,15.59M,-0.06%
24-10-2018,170.65,173.9,175,169,15.42M,0.00%
25-10-2018,165.35,168.95,169.75,164.6,14.88M,-3.11%
26-10-2018,168.5,166,172.8,165.9,19.58M,1.91%
29-10-2018,175.35,169.95,176.5,167.7,14.17M,4.07%
30-10-2018,177.25,177,181.5,176.05,15.60M,1.08%
31-10-2018,179.1,178.3,180,173.45,12.58M,1.04%
01-11-2018,434.75,433.5,437.6,432.9,4.57M,0.33%
04-11-2018,355.8,355,357.15,350.5,5.62M,0.72%
05-11-2018,330.8,334,334,330,7.37M,-0.84%
06-11-2018,309.75,310.9,313.9,306.65,14.65M,-0.06%
07-11-2018,267.8,276.4,276.4,267.1,7.36M,-2.78%
09-11-2018,267.3,277.25,278.85,265.7,13.44M,-3.05%
10-11-2018,182.95,180.65,187.75,178,19.32M,-3.07%
12-11-2018,158.1,155,159.5,154.65,12.09M,0.64%
13-11-2018,179.5,180.75,183,178.35,22.19M,-3.52%
14-11-2018,176.8,180.5,183,176.25,15.80M,-1.50%
15-11-2018,180.2,178,182.7,177.5,18.74M,1.92%
16-11-2018,179.9,180.9,181.85,177.85,10.02M,-0.17%
19-11-2018,184.6,180.6,185.5,179.1,14.52M,2.61%
20-11-2018,183.75,184.05,188.3,183.2,13.11M,-0.46%
21-11-2018,184.15,184.4,186.75,183.75,8.10M,0.22%
22-11-2018,182.55,185.5,186.15,181.75,9.14M,-0.87%
26-11-2018,181.75,183.9,184.45,177,9.87M,-0.44%
27-11-2018,180.05,181.7,184.55,178.55,11.64M,-0.94%
28-11-2018,174.45,181,181.35,174,12.50M,-3.11%
29-11-2018,177.25,175.95,179.35,173.45,20.89M,1.61%
30-11-2018,171.95,172,174.9,170.35,18.39M,-2.99%
01-12-2018,437.1,437,441.45,432.1,7.41M,0.54%
02-12-2018,371.8,373.4,376.2,370.2,6.00M,0.83%
03-12-2018,352.6,345,353.8,340.35,8.24M,3.25%
04-12-2018,358.4,358,364.4,357,13.15M,0.73%
06-12-2018,307.8,310.95,313.65,307.2,7.93M,-0.63%
07-12-2018,266.1,269.6,272,265.5,8.57M,-0.63%
09-12-2018,262.4,268.2,268.2,258.85,14.46M,-1.83%
10-12-2018,183.75,185.95,188.4,182.6,18.01M,0.44%
11-12-2018,186.05,194.45,194.45,185.2,20.79M,-4.71%
12-12-2018,164.1,159.5,167.1,158,22.46M,3.80%
13-12-2018,166.85,166,168,165.55,12.24M,1.68%
14-12-2018,166.95,166,168.4,164.85,10.09M,0.06%
17-12-2018,173.95,167.25,175.95,167.25,28.53M,4.19%
18-12-2018,174.75,174,177.6,173.1,18.02M,0.46%
19-12-2018,173.9,176.5,176.5,172.5,11.54M,-0.49%
20-12-2018,176.4,173,177.3,171.75,15.82M,1.44%
21-12-2018,176.25,177,180.5,175.15,23.74M,-0.09%
24-12-2018,172.5,176.25,177.85,171.5,11.37M,-2.13%
26-12-2018,170.9,171.45,172.2,167.6,12.04M,-0.93%
27-12-2018,168.25,172.75,173.4,167.7,15.23M,-1.55%
28-12-2018,170.85,169.4,172.2,169.15,8.67M,1.55%
31-12-2018,172.7,172.45,173.9,171.75,8.51M,1.08%
01-01-2019,173.45,173.5,174.2,171.3,6.72M,0.43%
02-01-2019,181.65,182,185.9,179.55,14.93M,0.25%
03-01-2019,180.3,178.65,184,177.35,20.54M,1.61%
04-01-2019,187.35,176.35,189.75,176.35,46.39M,7.52%
07-01-2019,168,163.7,169.4,163.2,23.99M,3.35%
08-01-2019,129.55,135.5,136.3,127.55,38.99M,-4.46%
10-01-2019,115.3,118,119.85,113,40.23M,-1.83%
11-01-2019,175.05,175.2,178,172.4,40.61M,-1.49%
14-01-2019,182.4,180.3,198.3,177.45,18.94M,1.16%
15-01-2019,185.35,183.3,185.8,181.25,13.54M,1.62%
16-01-2019,185.45,186,187.35,184.05,11.87M,0.05%
17-01-2019,184.9,186,187.3,183.4,9.37M,-0.30%
18-01-2019,183.3,185.65,185.65,181.3,6.80M,-0.87%
21-01-2019,181.5,184.3,184.95,180.65,6.92M,-0.98%
22-01-2019,180.85,181.5,181.5,175.95,9.78M,-0.36%
23-01-2019,180.25,181.7,182.7,178.55,9.78M,-0.33%
24-01-2019,175.4,180,180.3,173.7,13.46M,-2.69%
25-01-2019,173.25,175.95,178.9,171.95,12.14M,-1.23%
28-01-2019,172.3,173.3,175.35,169.4,8.17M,-0.55%
29-01-2019,173.6,172.35,174.9,170.9,6.14M,0.75%
30-01-2019,174.6,174.3,176.75,173.3,7.76M,0.58%
31-01-2019,181.2,175.8,183.9,175.8,22.28M,3.78%
01-02-2019,168.55,170.6,171.75,168,13.41M,-2.83%
04-02-2019,202.95,188.05,204.4,185.3,100.83M,8.33%
05-02-2019,207.3,211,212.65,206.5,21.99M,-3.27%
07-02-2019,163.75,166.8,167.35,161.35,16.90M,-2.53%
08-02-2019,130.7,128.5,133.2,127,44.02M,0.89%
12-02-2019,161.05,160.95,163,158.95,19.44M,-0.28%
13-02-2019,155,152.95,156.65,151.5,15.34M,2.11%
14-02-2019,159.85,155.95,161,153.8,16.35M,3.13%
15-02-2019,161.65,159.8,162.3,153.15,20.71M,1.13%
18-02-2019,162.9,162.8,163.45,159.2,13.50M,0.77%
19-02-2019,163.75,164,165.95,161.55,14.53M,0.52%
20-02-2019,164.8,164.45,166.7,163.75,11.61M,0.64%
21-02-2019,169.7,165.6,170.6,165.1,14.81M,2.97%
22-02-2019,174.3,170,175.3,167.85,13.01M,2.71%
25-02-2019,175.75,175.15,177.5,173.5,15.55M,0.83%
26-02-2019,182.65,173,183.45,172.5,31.86M,3.93%
27-02-2019,177.35,183.55,186.1,176.1,19.72M,-2.90%
28-02-2019,177.45,180,181.55,176.6,18.69M,0.06%
01-03-2019,166.05,169,170.15,165.1,9.32M,-1.48%
04-03-2019,201.35,205,208.95,199.2,81.78M,-0.79%
05-03-2019,209.45,205,213.65,203.05,37.15M,1.04%
06-03-2019,174.5,170.5,175,168.4,21.29M,1.10%
07-03-2019,162.3,163.75,165,161.7,13.61M,-0.89%
09-03-2019,112.65,113.05,115.35,111.2,36.91M,-3.47%
10-03-2019,122.4,112.65,123.5,112.65,65.10M,6.16%
12-03-2019,158.2,162.95,162.95,157.4,21.16M,-1.77%
13-03-2019,181.7,184.45,184.9,180.4,9.77M,-1.68%
14-03-2019,179.55,181.5,182.45,177.65,15.74M,-1.18%
15-03-2019,180,180.2,181.4,177.6,17.49M,0.25%
18-03-2019,182.25,181,184.7,179.5,14.69M,1.25%
19-03-2019,182.85,182,184.5,180.75,10.32M,0.33%
20-03-2019,180.2,183,183.45,179.6,7.54M,-1.45%
22-03-2019,175.4,181.95,182,174.9,11.51M,-2.66%
25-03-2019,171.3,173.7,173.8,170.55,11.86M,-2.34%
26-03-2019,173.1,171.9,173.6,171.6,7.82M,1.05%
27-03-2019,169.85,174,175,169.15,10.05M,-1.88%
28-03-2019,170.55,169,171.4,167.55,13.20M,0.41%
29-03-2019,174.25,171.15,177.05,171,17.78M,2.17%
01-04-2019,170.95,169,171.95,168.5,17.65M,2.95%
02-04-2019,180.25,181,183.7,178.2,11.85M,-0.77%
04-04-2019,206.15,201.85,206.9,201.05,41.27M,2.38%
06-04-2019,173.25,174.25,177.2,172.4,17.43M,-0.72%
07-04-2019,165.2,162.5,167.75,162,19.51M,1.79%
09-04-2019,109.5,112,113,106,76.32M,-2.80%
10-04-2019,119.65,122.8,123.8,118.8,35.71M,-2.25%
11-04-2019,172.2,171.6,178.45,170.85,40.64M,-1.63%
12-04-2019,169.4,158.5,170.35,157.7,72.08M,7.08%
15-04-2019,231.75,217.15,233.25,217.15,57.28M,7.32%
16-04-2019,230.5,233.8,234.1,225.65,41.65M,-0.54%
18-04-2019,236.25,231.9,239.3,230.6,42.45M,2.49%
22-04-2019,234.85,235,239.35,231.7,30.28M,-0.59%
23-04-2019,231.65,235,235.85,230.25,18.98M,-1.36%
24-04-2019,223.6,231.65,232.95,217.6,50.32M,-3.48%
25-04-2019,221.85,223.4,225.9,220.25,27.13M,-0.78%
26-04-2019,215.6,221.9,221.9,214,26.04M,-2.82%
30-04-2019,214.3,216.2,218.65,210.3,21.29M,-0.60%
02-05-2019,175.8,180.7,181.15,174.7,12.06M,-2.47%
03-05-2019,194.05,183.8,198.35,181.4,58.14M,7.63%
04-05-2019,205.15,208,209.5,202.3,32.06M,-0.49%
07-05-2019,160.2,165.15,166.95,159.5,14.37M,-3.03%
08-05-2019,123.75,128,128.2,122.3,35.45M,-5.32%
09-05-2019,118.05,109.75,119.35,109.5,75.79M,7.81%
11-05-2019,172,173.25,175.75,169.95,36.27M,-0.12%
12-05-2019,166.1,170.35,172.2,165.2,31.79M,-1.95%
13-05-2019,180.75,186.2,187.15,179.6,15.37M,-2.77%
14-05-2019,184.5,178.25,186.05,177.8,21.41M,2.07%
15-05-2019,169.45,185.55,185.95,167.4,31.43M,-8.16%
16-05-2019,175.4,176,177.55,172.8,30.31M,3.51%
17-05-2019,176.85,174.95,177.7,170.2,21.58M,0.83%
20-05-2019,190.15,181.45,192,179.25,29.87M,7.52%
21-05-2019,176.8,185.25,186.9,174.05,57.82M,-7.02%
22-05-2019,179.1,177.6,180.4,174.8,25.85M,1.30%
23-05-2019,175.15,182.85,182.85,173.5,22.91M,-2.21%
24-05-2019,182.3,177,183.5,175.35,22.49M,4.08%
27-05-2019,181.35,181.75,183.5,179.3,14.77M,-0.52%
28-05-2019,180.25,181.35,185.3,179.8,23.27M,-0.61%
29-05-2019,176.35,179.85,180,175.35,15.22M,-2.16%
30-05-2019,175.15,177.5,178.5,173.1,18.08M,-0.68%
31-05-2019,172.6,177.8,177.85,170,21.49M,-1.46%
02-06-2019,178.5,176,179.45,171.9,10.33M,1.54%
03-06-2019,188.8,195.4,195.4,187.75,22.47M,-2.71%
05-06-2019,199.8,204,204.5,198,30.12M,-4.61%
06-06-2019,169.7,174.05,175.85,168.85,16.87M,-2.05%
08-06-2019,122.5,123.05,126.55,121.75,34.79M,-1.01%
09-06-2019,121.25,118.35,122.3,116.55,67.76M,2.71%
11-06-2019,174.5,172,176.35,170.5,28.92M,1.45%
12-06-2019,161.5,167,168,160.05,27.73M,-2.77%
13-06-2019,167.4,166.9,168.9,164.5,15.14M,-0.98%
14-06-2019,164.2,167.5,167.5,163.5,10.92M,-1.91%
17-06-2019,158.75,163.75,164.15,158,14.38M,-3.32%
18-06-2019,158.3,159,161,156.75,14.00M,-0.28%
19-06-2019,154.65,160,163.75,152.5,25.26M,-2.31%
20-06-2019,159.25,153.45,160,152.15,19.25M,2.97%
21-06-2019,158.9,155,160.75,154.5,23.30M,-0.22%
24-06-2019,159.3,158.7,160.2,156.2,13.19M,0.25%
25-06-2019,160.45,158,161,156.85,13.37M,0.72%
26-06-2019,161.1,160.1,162.2,158.75,18.48M,0.41%
27-06-2019,165.85,161.85,168,161.1,26.61M,2.95%
28-06-2019,162.55,165.2,166.75,161.35,15.09M,-1.99%
01-07-2019,175.35,173.2,178.2,173.2,21.44M,2.57%
02-07-2019,182.85,179,185,178.9,16.15M,2.44%
03-07-2019,189.3,191.4,193.45,187.8,27.05M,0.26%
05-07-2019,190.95,201.7,202.85,189.35,30.52M,-4.43%
06-07-2019,169.5,169.9,171.7,167.25,14.47M,-0.12%
08-07-2019,117.4,122.6,123.85,116.5,37.29M,-4.16%
10-07-2019,117.5,120.25,120.55,116.35,35.47M,-1.80%
11-07-2019,171.5,174.7,174.7,167.6,38.63M,-1.72%
15-07-2019,160.95,159,162.6,157.85,19.92M,1.04%
16-07-2019,170,159.8,170.95,159.05,39.03M,5.62%
17-07-2019,167.9,170,172.35,166.3,25.24M,-1.24%
18-07-2019,160.75,167.25,167.25,160,19.06M,-4.26%
19-07-2019,154.85,161.45,162.4,153.85,18.95M,-3.67%
22-07-2019,156.75,155.45,159.3,155.25,16.00M,1.23%
23-07-2019,156.2,157.4,159,154.8,12.94M,-0.35%
24-07-2019,151.25,156.35,157.55,150.5,16.29M,-3.17%
25-07-2019,144.3,151.3,152.5,143.75,34.36M,-4.60%
26-07-2019,147.15,138.1,150.15,138.1,83.91M,1.98%
29-07-2019,137.55,146.9,146.9,136.85,38.84M,-6.52%
30-07-2019,133.45,138,139.7,132.6,35.73M,-2.98%
31-07-2019,135.6,133.5,136.4,132.5,27.02M,1.61%
01-08-2019,179.95,176.1,180.5,176.1,20.13M,2.62%
02-08-2019,150.7,164.6,164.6,129,102.26M,-17.58%
03-08-2019,181.2,187.8,187.95,180,28.01M,-4.28%
04-08-2019,200.55,206,207.4,198.8,23.88M,-2.24%
05-08-2019,185.1,190,190.9,183.8,28.44M,-3.06%
07-08-2019,154.55,159.35,159.5,153.5,15.15M,-3.53%
08-08-2019,124.05,118,125,116.9,35.88M,5.66%
11-08-2019,169.05,170.75,178.9,167.8,39.10M,-1.43%
13-08-2019,121.95,123.8,126.3,121,35.50M,-0.08%
14-08-2019,120.9,122.7,123.8,118.6,30.14M,-0.86%
16-08-2019,121.35,119.9,122.45,117.35,35.26M,0.37%
19-08-2019,120.8,121.2,122.6,120,23.19M,-0.45%
20-08-2019,123.85,120,124.8,119,34.81M,2.52%
21-08-2019,112.4,123,123,109.5,83.51M,-9.25%
22-08-2019,107.7,112,114,106.2,58.61M,-4.18%
23-08-2019,111.05,108.9,111.6,107.65,41.18M,3.11%
26-08-2019,110.55,114.55,115.4,106.8,47.76M,-0.45%
27-08-2019,120.35,112.7,121.4,111.8,70.64M,8.86%
28-08-2019,116.35,120.55,124,114.8,74.25M,-3.32%
29-08-2019,114.3,116.5,118.5,112.1,48.10M,-1.76%
30-08-2019,116.7,115.6,117.3,112,42.25M,2.10%
01-09-2019,183.05,181.5,183.6,180.2,17.47M,1.72%
04-09-2019,205.9,200,207.6,198.15,29.61M,2.67%
05-09-2019,186.35,184.3,189.8,182.3,32.84M,0.68%
07-09-2019,155.8,154,157.15,152.75,16.11M,0.81%
08-09-2019,122.05,124.5,126.5,120.7,39.25M,-1.61%
09-09-2019,121.9,119,122.6,117.35,51.30M,0.54%
10-09-2019,120.9,118.5,121.7,115.45,44.67M,2.89%
12-09-2019,160.5,162,166.45,159.75,30.92M,-0.62%
13-09-2019,129.55,129.2,130.95,125.5,69.09M,1.25%
16-09-2019,128.6,128,130.3,126.5,40.95M,-0.73%
17-09-2019,122,129,130.5,121.35,47.65M,-5.13%
18-09-2019,121.75,123.05,125.9,120.5,53.05M,-0.20%
19-09-2019,124.2,123.5,125.35,121.2,51.01M,2.01%
20-09-2019,133.25,125,137.75,122.6,89.22M,7.29%
23-09-2019,127.9,135,138.4,126.5,51.03M,-4.02%
24-09-2019,130.9,128.05,132.2,128,41.66M,2.35%
25-09-2019,123.05,129.9,129.9,121.5,47.57M,-6.00%
26-09-2019,124.5,123.9,127.25,122.8,45.87M,1.18%
27-09-2019,119.9,122,122.45,118.2,45.88M,-3.69%
30-09-2019,117.45,120.65,120.85,116.4,32.16M,-2.04%
01-10-2019,185.75,183.65,186.85,183.55,16.96M,1.48%
04-10-2019,216.05,206,217.4,205.6,69.35M,4.93%
05-10-2019,185.9,187,190.6,184.3,28.91M,-0.24%
06-10-2019,166.2,170.9,172.05,163.55,20.21M,-1.95%
07-10-2019,151.65,156.25,156.25,149.1,31.74M,-2.66%
10-10-2019,116.8,119.3,119.7,116.2,31.23M,-3.39%
12-10-2019,159.7,162.15,163.25,159.05,26.26M,-0.50%
14-10-2019,127.85,122.6,130,122.5,68.05M,5.40%
15-10-2019,126.95,127.1,128.9,123.7,57.55M,-0.70%
16-10-2019,125.85,127.3,128.3,124.5,31.52M,-0.87%
17-10-2019,139.5,127.1,144.35,125.1,67.93M,10.85%
18-10-2019,136.85,139,141.8,135.6,64.88M,-1.90%
22-10-2019,131.75,133.35,135.6,129.8,53.53M,-3.73%
23-10-2019,132.65,130.45,133.8,127.25,50.29M,0.68%
24-10-2019,133.5,133,135.15,130.5,41.95M,0.64%
25-10-2019,126.85,132,133,125.7,42.87M,-4.98%
27-10-2019,147.7,147.7,147.7,147.7,,16.44%
29-10-2019,172.45,151.9,175.5,151.2,184.44M,16.76%
30-10-2019,171.9,175,175.65,166.55,90.76M,-0.32%
31-10-2019,177.7,169.8,179.65,168.95,81.39M,3.37%
01-11-2019,180.3,186.55,187.75,179.4,25.90M,-2.93%
02-11-2019,152.65,150.15,153.25,145.85,26.16M,1.29%
03-11-2019,181.85,182,184.6,181.05,25.67M,0.36%
04-11-2019,218.2,216.6,219.2,213.3,41.86M,1.00%
06-11-2019,170.75,166.85,171.9,165.65,20.36M,2.74%
07-11-2019,156.8,153,157.7,150.35,24.10M,3.40%
09-11-2019,134.35,127,135,125.3,96.57M,10.21%
10-11-2019,121.3,118.05,122.2,117.25,41.03M,3.85%
11-11-2019,172,169.2,172.95,169.05,22.19M,1.75%
12-11-2019,161.8,160.4,163,157.4,21.15M,1.31%
13-11-2019,170.6,171.5,176,169.4,33.93M,-0.81%
14-11-2019,167.05,170.2,170.3,165.5,25.43M,-2.08%
15-11-2019,168.55,169,173.4,167.35,29.61M,0.90%
18-11-2019,170.1,172.1,172.1,169.25,19.05M,0.92%
19-11-2019,167.75,170.8,171.75,167.1,19.60M,-1.38%
20-11-2019,167.4,167.75,170.2,166.2,19.50M,-0.21%
21-11-2019,164.15,166.95,170.1,163,21.61M,-1.94%
22-11-2019,162.35,164.9,165.25,160.55,21.20M,-1.10%
25-11-2019,166.1,160.7,166.6,159.9,26.13M,2.31%
26-11-2019,163.4,166.65,167.3,162.55,25.52M,-1.63%
27-11-2019,165.9,165.3,169.3,165,29.53M,1.53%
28-11-2019,164.8,165.75,166.3,163.55,16.61M,-0.66%
29-11-2019,161.5,164.8,167.75,160.6,20.01M,-2.00%
02-12-2019,151.8,152.95,154.4,150.6,14.17M,-0.56%
03-12-2019,184.8,184.4,186,183.55,18.66M,1.62%
04-12-2019,215.95,218.95,219,215,21.79M,-1.03%
06-12-2019,169.05,170.9,172.2,168.1,12.82M,-1.00%
07-12-2019,159.3,155.9,162.85,154,27.31M,1.59%
09-12-2019,127.95,134.6,135.35,126.7,72.08M,-4.76%
12-12-2019,173.35,163.45,174.9,162.5,66.14M,7.14%
13-12-2019,176.7,177.25,183.95,175.5,93.02M,1.93%
16-12-2019,174.95,177,178.8,173.35,26.25M,-0.99%
17-12-2019,180.2,176,181.15,175.35,38.21M,3.00%
18-12-2019,174.8,182.1,184.5,170.45,63.86M,-3.00%
19-12-2019,179.15,174.65,180.2,174,53.47M,2.49%
20-12-2019,175.95,180.4,181.7,174.85,48.82M,-1.79%
23-12-2019,176.05,176.85,179,174.15,27.19M,0.06%
24-12-2019,175.5,177.65,178,174.65,20.56M,-0.31%
26-12-2019,174.6,175.9,176.45,174.1,18.79M,-0.51%
27-12-2019,176.15,176,176.95,174.85,12.10M,0.89%
30-12-2019,183.7,177.2,184.35,176.3,40.95M,4.29%
31-12-2019,185.15,184,187.9,181.55,52.87M,0.79%
01-01-2020,184.45,185.15,186.7,183.6,25.97M,-0.38%
02-01-2020,165.6,175,178.7,163.8,42.52M,-6.23%
04-01-2020,67.95,70.5,71.65,67.55,38.17M,-4.36%
06-01-2020,89.55,88.9,91.2,88,71.08M,2.93%
07-01-2020,100.75,99,101.45,98.2,50.87M,2.54%
09-01-2020,143.8,143.4,145.15,140.4,58.81M,0.42%
10-01-2020,133.5,135.9,136.5,132.55,40.49M,0.15%
12-01-2020,179.75,182.35,182.4,178.1,48.88M,-0.33%
13-01-2020,196.25,194.75,197.75,191.4,40.54M,-0.05%
14-01-2020,195.85,195.7,198.25,193.6,29.87M,-0.20%
15-01-2020,200.35,195,201.7,194,38.49M,2.30%
16-01-2020,197.55,199.5,200.6,196.9,28.12M,-1.40%
17-01-2020,197.3,197.25,199.45,195.7,18.20M,-0.13%
20-01-2020,195,198,201.45,194.3,28.98M,-1.17%
21-01-2020,191.4,195.5,196.4,190.2,20.86M,-1.85%
22-01-2020,185.6,191.95,192.5,184.25,32.95M,-3.03%
23-01-2020,188.4,186.75,190.4,183.8,33.03M,1.51%
24-01-2020,186.5,188,191,185,21.79M,-1.01%
27-01-2020,182.2,185.7,186.9,180.85,30.13M,-2.31%
28-01-2020,176.1,183.9,184.3,174.9,38.28M,-3.35%
29-01-2020,188.05,178.8,188.9,178.55,61.59M,6.79%
30-01-2020,186.2,190.95,192.55,184.25,70.90M,-0.98%
31-01-2020,176.6,186.3,188.35,175.95,75.62M,-5.16%
01-02-2020,193.75,185,194.7,184.6,57.29M,5.04%
03-02-2020,125.4,133,133.9,123.8,111.59M,-2.75%
06-02-2020,96.5,90,97.3,89.75,125.41M,7.76%
07-02-2020,101.55,100.75,102.95,100.4,48.09M,0.79%
09-02-2020,150.3,144.3,151.65,141.45,74.95M,4.52%
11-02-2020,132.85,133.65,134,131.1,40.39M,0.15%
12-02-2020,183.6,184,187.35,181.1,88.11M,2.14%
13-02-2020,169.5,171.35,172.35,168.1,25.05M,-0.85%
14-02-2020,169.1,172,176.2,168.3,56.68M,-0.24%
17-02-2020,169.1,170.4,171.35,166.35,32.89M,0.00%
18-02-2020,161.6,168,168,158.6,52.74M,-4.44%
19-02-2020,158.05,162.85,164.6,153.05,78.91M,-2.20%
20-02-2020,158.5,157.95,162.3,156,54.33M,0.28%
24-02-2020,150.65,154,155.9,149.6,39.71M,-4.95%
25-02-2020,149.9,152.2,153.4,147.45,52.72M,-0.50%
26-02-2020,144.55,146.9,147.9,143.7,47.61M,-3.57%
27-02-2020,145.25,144.15,146.75,141.1,51.33M,0.48%
28-02-2020,128.95,138.85,139.6,127.05,94.47M,-11.22%
01-03-2020,191.1,192.9,195.65,189.25,47.57M,-1.37%
02-03-2020,163.85,163.5,168.3,159.55,66.62M,-1.06%
03-03-2020,130.35,127.5,131.4,125.25,86.77M,3.95%
04-03-2020,65.3,66.9,66.9,64.8,35.35M,-3.90%
06-03-2020,98.75,100,101.45,97.4,90.60M,2.33%
07-03-2020,103.45,102.85,106.35,102.1,87.31M,1.87%
08-03-2020,113.05,103,114.4,102.9,194.77M,8.03%
09-03-2020,151.85,151.6,155.2,149.55,110.16M,1.03%
11-03-2020,134.1,135,137.4,133.55,52.07M,0.94%
12-03-2020,184.85,185,186,183.25,33.33M,0.68%
13-03-2020,89.75,81.9,94.15,78.05,106.15M,1.99%
16-03-2020,82.95,85.6,87.65,82.2,73.71M,-7.58%
17-03-2020,77.95,83.05,85,77.4,71.85M,-6.03%
18-03-2020,75.5,79.9,80.45,75.1,70.13M,-3.14%
19-03-2020,72.95,70,76.5,68.75,68.12M,-3.38%
20-03-2020,77.3,74,79.6,72.65,86.04M,5.96%
23-03-2020,66.2,70,72,66,34.18M,-14.36%
24-03-2020,68.55,69.9,71.5,63.5,49.55M,3.55%
25-03-2020,70.25,67.75,71.7,67.25,57.72M,2.48%
26-03-2020,70.8,71.45,73.5,68.3,63.82M,0.78%
27-03-2020,70.7,72.05,75.9,69.35,58.82M,-0.14%
30-03-2020,68.15,68.8,70,67.25,35.28M,-3.61%
31-03-2020,71.05,70.6,71.5,68.2,46.17M,4.26%
02-04-2020,165.7,166.55,168.6,161.2,49.03M,1.13%
03-04-2020,126.2,129.6,129.6,120.55,97.55M,-3.18%
05-04-2020,83.9,87,87.2,81.5,91.17M,-10.03%
06-04-2020,98.5,99,101.4,96.8,72.08M,-0.25%
08-04-2020,111.45,112.95,115.1,110.8,95.91M,-1.42%
09-04-2020,147.8,147.9,153.65,147,95.57M,-2.67%
11-04-2020,135.9,135.6,137,134,44.68M,1.34%
12-04-2020,184.15,186.5,188.8,182.2,48.00M,-0.38%
13-04-2020,74.25,76,77.6,72.7,70.41M,-0.47%
15-04-2020,72.9,75.4,78.7,71.95,81.13M,-1.82%
16-04-2020,74.65,71.75,75.4,71,47.91M,2.40%
17-04-2020,76.85,78.3,78.3,74.7,58.34M,2.95%
20-04-2020,80.45,76.85,83.4,75.5,125.43M,4.68%
21-04-2020,74.65,78,78,74,58.25M,-7.21%
22-04-2020,75.9,74.45,76.55,72.55,56.53M,1.67%
23-04-2020,75.65,76.75,78.65,75.4,50.37M,-0.33%
24-04-2020,74.2,75,76.9,74,40.05M,-1.92%
27-04-2020,75.25,75.9,76.2,74.8,27.84M,1.42%
28-04-2020,76.95,75.65,78.2,75.2,34.83M,2.26%
29-04-2020,78.15,77.45,79.3,76.55,40.79M,1.56%
30-04-2020,93.25,85.95,93.75,85.95,170.65M,19.32%
02-05-2020,183.75,167.4,184.95,166.6,92.98M,10.89%
03-05-2020,125.75,127.55,129.15,124.25,87.80M,-0.36%
05-05-2020,80.9,86,86.8,80.4,57.12M,-3.58%
06-05-2020,110.75,100.45,112.45,99.05,187.21M,12.44%
08-05-2020,115.4,112.4,117.65,112,99.37M,3.54%
10-05-2020,133.9,136.95,137.5,132.05,55.27M,0.30%
11-05-2020,137.65,137,138,136,38.93M,1.29%
13-05-2020,87.2,92.5,92.5,86.25,68.09M,1.16%
14-05-2020,83.8,83.95,85.3,82.55,46.34M,-3.90%
15-05-2020,84.35,84.7,85.35,82.8,38.59M,0.66%
18-05-2020,80.65,84.5,84.5,79.6,44.22M,-4.39%
19-05-2020,81.8,82.5,85.65,81.5,65.38M,1.43%
20-05-2020,83.45,81.25,84.4,80.7,36.35M,2.02%
21-05-2020,84.1,83.1,85.2,82.9,37.29M,0.78%
22-05-2020,82.8,83.4,83.9,82,29.25M,-1.55%
26-05-2020,83.1,83.9,85.7,82.6,38.02M,0.36%
27-05-2020,84.55,84.1,86,84,57.96M,1.74%
28-05-2020,87,86,88.15,84.55,96.18M,2.90%
29-05-2020,87,85.55,87.5,84.65,80.82M,0.00%
01-06-2020,185.65,191,191,185.05,28.62M,-2.85%
02-06-2020,178.85,182,183.4,175.75,61.82M,-2.67%
03-06-2020,114.2,115,117.3,112.8,83.97M,-9.18%
05-06-2020,83.2,81.55,83.95,80.35,53.74M,2.84%
07-06-2020,109,105,109.9,104.5,91.97M,5.36%
08-06-2020,116.8,116.2,117.7,115.5,60.09M,1.21%
10-06-2020,144.75,138,145.8,136,162.05M,8.10%
11-06-2020,139,137.65,142.3,137.65,67.97M,0.98%
15-06-2020,100.5,104.65,104.65,100.05,69.32M,-4.56%
16-06-2020,94.75,102,103.5,92,215.48M,-5.72%
17-06-2020,95.4,93,96.4,91.8,110.83M,0.69%
18-06-2020,96.35,95,97.2,94.15,58.96M,1.00%
19-06-2020,102.5,96.5,103.9,95.6,135.46M,6.38%
22-06-2020,102.65,102.35,104.9,101,68.55M,0.15%
23-06-2020,104.4,103,106,101.9,68.64M,1.70%
24-06-2020,104.8,105.25,110.8,104.2,125.46M,0.38%
25-06-2020,103.8,103.85,106.3,101.65,63.20M,-0.95%
26-06-2020,101.4,105.4,106.05,100.35,56.33M,-2.31%
29-06-2020,99.45,101.4,101.4,98.05,43.28M,-1.92%
30-06-2020,98.25,101.75,102.3,97.3,50.77M,-1.21%
01-07-2020,184.7,187,189.4,182.3,35.00M,-0.51%
02-07-2020,173.6,177.4,178.15,173,45.20M,-2.94%
04-07-2020,67.25,68.55,69.3,66.9,42.07M,2.99%
05-07-2020,82.5,82.9,84.65,82.1,31.16M,-0.84%
07-07-2020,109.05,109.8,112.6,108.05,85.84M,0.05%
08-07-2020,119.1,117,119.7,116,56.49M,1.97%
09-07-2020,149.4,150,152,148,82.62M,1.08%
10-07-2020,141,144.25,144.5,139.8,68.27M,-2.59%
12-07-2020,183.55,184.45,186.45,182.7,29.80M,-0.33%
13-07-2020,108,108.85,112.1,106.85,81.90M,0.37%
14-07-2020,105.15,106.9,107.55,104.1,46.93M,-2.64%
15-07-2020,103.2,106.8,106.8,102.5,49.69M,-1.85%
16-07-2020,102.95,103.95,103.95,100.6,44.33M,-0.24%
17-07-2020,106.4,103.65,106.95,103.3,42.08M,3.35%
20-07-2020,105.05,106.35,106.35,103.85,39.79M,-1.27%
21-07-2020,108.45,106,109.7,105.5,66.01M,3.24%
22-07-2020,105.15,108.5,109.75,104.25,50.74M,-3.04%
23-07-2020,106.05,105.45,106.45,104.7,30.72M,0.86%
24-07-2020,103.75,104.7,105.5,102.7,39.37M,-2.17%
27-07-2020,101.7,104,104.5,101.3,29.65M,-1.98%
28-07-2020,106.45,102.3,107.2,102,64.27M,4.67%
29-07-2020,105.75,108.1,108.75,104.85,44.56M,-0.66%
30-07-2020,103.65,106.4,106.75,102.85,33.38M,-1.99%
31-07-2020,104.65,104,105.4,102.3,33.81M,0.96%
01-08-2020,182.55,180.2,184.2,180.2,21.86M,-1.16%
04-08-2020,67.6,66.5,71.6,65.4,82.18M,0.52%
05-08-2020,81.05,84.5,84.95,80.55,35.36M,-1.76%
06-08-2020,115.45,114,119.15,113.35,136.95M,4.24%
07-08-2020,105.35,109.5,110.85,104.2,55.89M,-3.39%
09-08-2020,142.3,149.45,149.6,141.2,76.30M,-4.75%
10-08-2020,140.95,142.85,143.5,139.6,40.94M,-0.04%
12-08-2020,181.8,184.95,185.7,178.95,42.14M,-0.95%
13-08-2020,131.15,126.1,131.9,124.4,95.49M,4.63%
14-08-2020,124.6,131.15,132.65,123.7,75.03M,-4.99%
17-08-2020,123.55,124.5,126.25,120.6,61.15M,-0.84%
18-08-2020,125.6,124,127.5,123.6,62.15M,1.66%
19-08-2020,125.15,127,127.6,124.75,45.13M,-0.36%
20-08-2020,121.7,123.45,125.65,121.1,43.53M,-2.76%
21-08-2020,120.9,124.2,124.2,120.15,48.65M,-0.66%
24-08-2020,121.2,122,123,120.8,31.30M,0.25%
25-08-2020,127.1,121.8,128.35,121.1,90.27M,4.87%
26-08-2020,137.9,130.5,139,128.35,197.52M,8.50%
27-08-2020,144.25,140.1,146.85,139.3,181.38M,4.60%
28-08-2020,142.8,144.15,146.2,140.5,95.20M,-1.01%
31-08-2020,143.2,144.5,147.95,138.2,160.56M,0.28%
01-09-2020,192,184.85,192.75,184.25,40.80M,5.18%
03-09-2020,105.7,109,109.85,104.25,81.55M,-7.44%
04-09-2020,74.6,69.6,76.25,69.1,112.68M,10.36%
06-09-2020,111.45,117.45,117.9,110.25,79.47M,-3.46%
07-09-2020,106.95,106.3,108.95,104.65,54.49M,1.52%
09-09-2020,140.1,141,141.75,135.7,105.36M,-1.55%
10-09-2020,138.45,141.15,142.65,138,37.10M,-1.77%
11-09-2020,141,140.6,141.5,138.7,40.28M,1.44%
12-09-2020,182.7,183,186.4,181.65,40.30M,0.50%
14-09-2020,148.55,147.2,151.1,145.5,84.51M,2.95%
15-09-2020,148.4,149.4,149.4,146.55,42.89M,-0.10%
16-09-2020,151.45,149.2,154.3,148.55,85.06M,2.06%
17-09-2020,147.65,150.8,151,146.2,48.12M,-2.51%
18-09-2020,147.9,148.7,150.5,146.25,46.27M,0.17%
21-09-2020,137.45,147.75,147.75,135.5,64.74M,-7.07%
22-09-2020,133.1,138,138.15,129.65,87.30M,-3.16%
23-09-2020,131.4,135.5,136.7,127.9,74.98M,-1.28%
24-09-2020,122.8,127.9,128.8,122.15,62.42M,-6.54%
25-09-2020,127.25,123.7,128.35,123.1,65.04M,3.62%
28-09-2020,132.85,128.9,134.3,127.5,61.83M,4.40%
29-09-2020,131.7,134.95,136,130.7,63.37M,-0.87%
30-09-2020,133.3,131.55,134.4,130.3,48.86M,1.21%
01-10-2020,196.35,192,199,190,60.25M,2.27%
02-10-2020,168.9,173.2,173.2,168,33.28M,-2.71%
06-10-2020,111.4,111,113,108.5,84.04M,-0.04%
07-10-2020,107.6,106.7,108.6,105.4,64.69M,0.61%
08-10-2020,123.85,119.95,124.7,119.7,71.10M,3.99%
09-10-2020,143.3,142.8,144.5,138,79.61M,2.28%
11-10-2020,146,144.05,146.7,142.75,68.79M,3.55%
12-10-2020,177.6,182.7,182.7,176.4,38.37M,-2.79%
13-10-2020,134.1,135.4,137.1,132.85,38.97M,-1.32%
14-10-2020,130.7,133.75,134.65,128.8,45.79M,-2.54%
15-10-2020,126.95,131.5,134.35,126.5,64.00M,-2.87%
16-10-2020,127.75,129.4,130.05,126,62.55M,0.63%
19-10-2020,128.25,129.8,130.4,127.8,33.16M,0.39%
20-10-2020,129.65,128.1,130.3,126.35,27.47M,1.09%
21-10-2020,130.25,131.05,133.1,128.3,39.25M,0.46%
22-10-2020,133.5,129.7,134.6,128.45,48.81M,2.50%
23-10-2020,137,134.9,138.9,134.1,68.71M,2.62%
26-10-2020,133.7,138.4,140.8,131.25,88.53M,-2.41%
27-10-2020,135.65,134.15,136.75,130.85,56.86M,1.46%
28-10-2020,134.8,139,143.25,133.5,152.36M,-0.63%
29-10-2020,131.9,132,133,130,66.63M,-2.15%
30-10-2020,132.65,133.2,134.5,130.3,51.13M,0.57%
02-11-2020,169.75,171.85,175.15,168.4,42.87M,0.50%
03-11-2020,98.9,104.85,106.5,97.8,111.15M,-6.43%
05-11-2020,86.1,81.45,90.65,81.4,152.59M,6.23%
06-11-2020,106.15,109.9,111.15,105,55.49M,-4.71%
08-11-2020,122.3,125,125.8,121.4,50.23M,-1.25%
09-11-2020,144.3,143.1,146.8,141.65,65.14M,0.70%
11-11-2020,150.95,146.5,151.5,145.65,78.58M,3.39%
12-11-2020,178.85,177.95,181.45,176.5,43.07M,0.70%
13-11-2020,146.35,150,150,145.35,32.57M,-3.21%
17-11-2020,158,152.5,159.35,152.2,82.64M,7.96%
18-11-2020,173.5,158.85,178.8,158.55,171.80M,9.81%
19-11-2020,167.95,171.4,176.35,166.55,109.45M,-3.20%
20-11-2020,169.1,170.05,171.55,165.55,66.94M,0.68%
23-11-2020,170.7,169.5,173.9,165.55,54.57M,0.95%
24-11-2020,172.05,171.85,175.5,171.1,47.70M,0.79%
25-11-2020,171.45,175,176.8,169.25,54.37M,-0.35%
26-11-2020,173.75,171.6,175,171.05,39.09M,1.34%
27-11-2020,180.35,174.65,183.85,174.65,125.93M,3.80%
02-12-2020,170.95,173,173.3,169,34.62M,0.71%
03-12-2020,88,91.1,94.9,84.1,143.55M,-11.02%
05-12-2020,86.2,85.95,87.7,83.5,77.55M,0.12%
06-12-2020,105.3,98,106.25,98,93.00M,-0.80%
08-12-2020,125.35,121,126.4,120.6,50.72M,2.49%
10-12-2020,135.9,139.65,139.65,133,39.28M,-1.84%
11-12-2020,151.2,150.95,153.85,150,56.15M,0.17%
14-12-2020,177.65,181,181.5,176.7,33.19M,-0.67%
15-12-2020,178.9,176.45,179.7,173.25,41.19M,0.70%
16-12-2020,182.55,181,183.8,180.1,51.26M,2.04%
17-12-2020,181.7,184,184,180.65,34.10M,-0.47%
18-12-2020,180.55,180.9,181.5,176.65,46.07M,-0.63%
21-12-2020,164.55,176,177.55,162.5,75.58M,-8.86%
22-12-2020,164.95,164.55,169.2,156.7,110.01M,0.24%
23-12-2020,169.2,165,169.7,163.4,56.93M,2.58%
24-12-2020,175.95,172,178,172,73.83M,3.99%
28-12-2020,186.35,179.85,187.4,179,98.01M,5.91%
29-12-2020,183.45,187.9,188.45,181.1,71.32M,-1.56%
30-12-2020,184.15,183.1,185.4,180.4,38.58M,0.38%
31-12-2020,183.85,184.85,187.5,182.8,48.98M,-0.16%
01-01-2021,186.5,184.95,187,184.5,27.33M,1.44%
02-01-2021,279.6,269.75,282,255.35,165.66M,6.43%
03-01-2021,328.3,330,331.85,322.7,61.19M,1.66%
04-01-2021,307.75,306.75,309.85,303.05,44.09M,1.97%
06-01-2021,318.1,319.2,325.7,317.3,32.60M,-0.20%
07-01-2021,344.25,341.5,347.4,341.2,27.94M,1.37%
09-01-2021,295.25,289,297.4,287.3,33.10M,2.77%
10-01-2021,333.3,332.65,337.3,325.7,29.88M,-0.02%
11-01-2021,485.7,486.45,489.7,469.8,34.32M,0.41%
12-01-2021,475.25,467.85,478.4,463.55,28.26M,3.63%
13-01-2021,242.6,242.9,248.8,238.4,164.65M,2.02%
14-01-2021,245.1,242.85,249.8,238.6,86.82M,1.03%
15-01-2021,260.3,246,264.65,242.6,250.04M,6.20%
18-01-2021,245.95,261.65,262.45,241.15,173.38M,-5.51%
19-01-2021,258.65,251.5,261.7,251.3,136.86M,5.16%
20-01-2021,274.9,260,277.5,258.85,205.15M,6.28%
21-01-2021,290.6,281,299,280,283.61M,5.71%
22-01-2021,289.35,295.95,306.9,278.35,316.01M,-0.43%
25-01-2021,279.15,296.9,299.5,277.35,164.35M,-3.53%
27-01-2021,267.5,274.9,275,265.7,126.59M,-4.17%
28-01-2021,266.8,260.05,273.4,259.05,129.16M,-0.26%
29-01-2021,262.7,273,278.8,260.6,138.44M,-1.54%
02-02-2021,322,293.6,328.85,290.4,251.97M,15.16%
03-02-2021,345.75,331.1,347.2,326.45,127.71M,5.32%
06-02-2021,323,315.95,324.4,315.6,26.32M,1.54%
07-02-2021,344.9,345.3,345.55,340.5,18.30M,0.19%
08-02-2021,296.85,299.15,299.4,295.6,19.27M,0.99%
09-02-2021,293.15,295.25,296.3,291.7,14.91M,-0.71%
11-02-2021,487.85,506.5,510,486.5,51.58M,0.44%
12-02-2021,479.1,479.4,480.45,471.7,21.01M,0.81%
15-02-2021,333.35,329.9,335.8,324,78.68M,2.44%
16-02-2021,329.2,335.45,337.9,327.5,65.94M,-1.24%
17-02-2021,330.15,326.9,334.25,325.45,52.15M,0.29%
18-02-2021,323.85,331.5,331.75,321.1,49.20M,-1.91%
19-02-2021,311.85,321.95,321.95,301.4,80.27M,-3.71%
22-02-2021,304.5,312.45,313.9,302.15,57.72M,-2.36%
23-02-2021,324,308.5,328.9,308.5,133.31M,6.40%
24-02-2021,321.65,325,330,316.5,50.82M,-0.73%
25-02-2021,333.15,325.35,334.7,323.25,64.51M,3.58%
26-02-2021,322.95,323,332.95,318.85,91.90M,-3.06%
02-03-2021,331,339.2,341.9,326.2,224.19M,2.80%
03-03-2021,348.5,348.65,357,346.5,92.01M,0.80%
05-03-2021,293,289.3,294.75,285,35.38M,-0.29%
06-03-2021,325.65,325.3,327.7,323.65,21.41M,0.82%
08-03-2021,303.7,298.5,304.5,297.7,31.06M,2.31%
09-03-2021,295.55,292.5,296.45,292,16.59M,0.82%
11-03-2021,484.9,483.8,495,481.6,22.95M,-0.60%
12-03-2021,480.1,480,484.7,477.3,20.95M,0.21%
15-03-2021,318.55,320,320.4,310.05,45.08M,0.31%
16-03-2021,319.95,321,321.9,315.1,39.27M,0.44%
17-03-2021,305.8,318.6,320,304,47.26M,-4.42%
18-03-2021,307,311,316.6,299.75,73.73M,0.39%
19-03-2021,308.95,303.5,311,290.2,109.93M,0.64%
22-03-2021,303.05,306.45,307.5,300.1,56.39M,-1.91%
23-03-2021,307.4,305,312.25,304,60.24M,1.44%
24-03-2021,294.45,303.55,305,293.2,61.52M,-4.21%
25-03-2021,285.55,294,294,282.25,84.53M,-3.02%
26-03-2021,296.4,290.5,301.4,290.5,80.92M,3.80%
30-03-2021,297.05,300.5,301.3,292.7,45.26M,0.22%
31-03-2021,301.8,299,307.5,297.5,58.57M,1.60%
01-04-2021,191.3,191.8,193,188.75,63.98M,2.57%
02-04-2021,326.15,329,334.5,322.45,121.03M,-1.47%
03-04-2021,339.2,339,345.4,337.3,59.86M,-2.67%
05-04-2021,289.45,296.35,299.75,288.05,38.64M,-1.21%
06-04-2021,334.95,325.15,336.9,324.25,41.28M,2.86%
08-04-2021,298.15,304.75,306.45,297.2,26.19M,-1.83%
10-04-2021,342,336.8,343.25,335.15,29.55M,2.61%
11-04-2021,489.7,489.8,493.55,488,5.53M,0.99%
13-04-2021,302.85,287.25,304.55,280.55,116.87M,5.69%
15-04-2021,303.5,303,307.55,296.5,75.26M,0.21%
16-04-2021,310,302,315,300.15,75.33M,2.14%
19-04-2021,301.4,295,304.5,292.8,65.79M,-2.77%
20-04-2021,298.05,307.7,308.15,294.2,56.74M,-1.11%
22-04-2021,294.55,294,302.5,292.2,61.02M,-1.17%
23-04-2021,294,291,300,290.5,58.16M,-0.19%
26-04-2021,295.4,297,299,294.6,30.58M,0.48%
27-04-2021,301.5,295.7,302.5,295.1,35.04M,2.06%
28-04-2021,305.9,303.5,309.5,303,44.67M,1.46%
29-04-2021,301.9,308.9,310,301.25,36.65M,-1.31%
30-04-2021,293.85,298.2,301.3,292.55,36.12M,-2.67%
01-05-2021,193.2,187.1,193.9,185.05,75.75M,0.99%
02-05-2021,315.9,327.6,330,312.6,103.51M,-3.14%
03-05-2021,325.15,333,337.85,319.7,86.74M,-4.14%
04-05-2021,305.05,306.8,311.7,297.2,66.18M,-0.88%
05-05-2021,291.5,293.5,293.9,288.5,29.35M,0.71%
07-05-2021,346.1,347.05,350.1,344,18.40M,0.35%
08-05-2021,299.7,295.5,300.9,292.75,20.70M,0.52%
10-05-2021,344.95,340.45,351.5,338.85,31.86M,0.86%
14-05-2021,312.25,329.35,329.5,310,81.31M,-4.22%
17-05-2021,321.1,315.4,323.85,311.4,51.16M,2.83%
18-05-2021,332.45,325.95,336.65,324,86.15M,3.53%
19-05-2021,314.45,313,322.95,312.1,119.41M,-5.41%
20-05-2021,307.7,316,316.6,306.1,54.04M,-2.15%
21-05-2021,313.1,312,315.7,309.5,40.36M,1.75%
24-05-2021,311.85,314.75,315.8,310.2,31.96M,-0.40%
25-05-2021,315.25,315.55,319,313.85,37.38M,1.09%
26-05-2021,315.5,316.1,320,314.8,28.64M,0.08%
27-05-2021,318.6,317.05,323.45,316.55,49.48M,0.98%
28-05-2021,318.75,322.65,324.5,316.5,26.62M,0.05%
31-05-2021,318.75,318.7,319.75,312.1,30.92M,0.00%
01-06-2021,195.4,194.45,197.6,190.65,75.62M,1.14%
04-06-2021,307.75,306.15,313.8,304.8,63.03M,0.89%
05-06-2021,301.25,291.5,302,290.3,45.03M,3.34%
07-06-2021,316.9,348,358.2,311.5,164.08M,-8.44%
08-06-2021,300.05,300.05,303.4,297.65,16.00M,0.12%
09-06-2021,297.45,297.5,298.95,296,16.62M,0.64%
10-06-2021,336.05,347,348.7,335,25.27M,-2.58%
12-06-2021,467.2,480.1,480.9,466,17.47M,-2.69%
14-06-2021,355.95,350.05,357.9,341.1,38.48M,1.48%
15-06-2021,352.7,355.75,360.75,351.5,35.53M,-0.91%
16-06-2021,349.35,350.1,356,348.1,27.55M,-0.95%
17-06-2021,345.65,348.4,352.9,342.25,29.24M,-1.06%
18-06-2021,337.4,345.65,346.9,329,49.44M,-2.39%
21-06-2021,334.3,330.9,335.8,326.2,29.12M,-0.92%
22-06-2021,337.9,337.1,344.3,336.15,26.71M,1.08%
23-06-2021,335.25,341,343.25,334.3,25.74M,-0.78%
24-06-2021,334.65,335,337.4,333.35,15.58M,-0.18%
25-06-2021,339.65,335.9,342.8,335.9,22.43M,1.49%
28-06-2021,342.8,340.8,345,337.55,17.84M,0.93%
29-06-2021,341.55,342.65,346.5,339.6,22.46M,-0.36%
30-06-2021,339.6,342,345.35,338.85,18.28M,-0.57%
01-07-2021,196.75,197,200.35,195.1,66.02M,0.69%
04-07-2021,307.8,306.75,310.65,305.1,39.07M,0.02%
05-07-2021,302.75,303,305.95,300.5,41.59M,0.50%
06-07-2021,345.5,339.75,351,339.75,64.99M,3.15%
07-07-2021,317.1,316,319.1,306.25,112.18M,0.06%
09-07-2021,294.6,297.35,297.8,290.9,14.33M,-0.96%
10-07-2021,376.5,341.1,383,339.25,163.24M,12.04%
12-07-2021,481.8,476.85,484.9,471,21.28M,3.12%
13-07-2021,310.95,310,312.25,308.15,25.74M,1.14%
14-07-2021,309.55,310,313.3,308.65,21.86M,-0.45%
15-07-2021,310.25,310.5,312.85,307.6,23.62M,0.23%
16-07-2021,311.25,311.1,315.45,310.5,25.15M,0.32%
19-07-2021,308.85,308.95,310.3,306,21.35M,-0.77%
20-07-2021,302.15,307,308,301.05,27.67M,-2.17%
22-07-2021,302.55,305.5,307.45,301.05,21.34M,0.13%
23-07-2021,295.55,300.5,301.9,295,33.44M,-2.31%
26-07-2021,293.15,295,297,291,27.50M,-0.81%
27-07-2021,291.4,293,297.65,288.6,55.13M,-0.60%
28-07-2021,284.45,290,290.9,283.6,36.14M,-2.39%
29-07-2021,292.9,287.55,295.4,287.55,57.73M,2.97%
30-07-2021,293.95,294,300,293.25,30.59M,0.36%
01-08-2021,198.15,198.75,201.5,197.1,53.99M,0.71%
02-08-2021,335.95,318.75,339.25,318,102.12M,6.35%
03-08-2021,321.25,331.75,331.75,318.8,81.93M,-1.20%
04-08-2021,313.95,307.9,319.8,307.5,62.46M,2.00%
06-08-2021,352.75,346.25,356.65,337.5,44.11M,2.10%
07-08-2021,306.35,314.8,314.8,305,87.36M,-3.39%
09-08-2021,295.25,293.5,298.8,291.6,14.92M,0.22%
10-08-2021,382.95,385.9,397.55,380,93.73M,1.71%
11-08-2021,501.4,493.9,504.85,490.25,31.74M,2.39%
12-08-2021,493.9,484.5,495.95,483.5,20.58M,2.51%
13-08-2021,307.25,308.8,311.5,303.05,34.92M,0.41%
16-08-2021,303.7,305.95,307.85,303.05,14.35M,-1.16%
17-08-2021,297.7,302.8,302.8,292.8,25.54M,-1.98%
18-08-2021,293.35,296.9,297.75,292.6,18.00M,-1.46%
20-08-2021,283.1,289.5,290.7,281,32.58M,-3.49%
23-08-2021,276.95,287.2,288.3,275,24.50M,-2.17%
24-08-2021,279.8,278.5,281.5,268.45,37.59M,1.03%
25-08-2021,284.4,282.8,289.2,282.45,31.54M,1.64%
26-08-2021,284.3,284.85,287.35,281.65,17.86M,-0.04%
27-08-2021,285.75,282.9,286.8,281.7,13.48M,0.51%
30-08-2021,291.95,290.1,293.5,289.9,17.22M,2.17%
31-08-2021,287.3,291.75,291.95,286.1,36.95M,-1.59%
02-09-2021,325.05,337,338.5,322.2,105.98M,-3.24%
03-09-2021,315.2,325,328.35,309.6,74.70M,-1.88%
04-09-2021,318.2,313.2,325,312.5,75.46M,1.35%
06-09-2021,343.35,356.2,358.9,339.75,59.33M,-2.66%
07-09-2021,306.3,305.8,308.85,301.85,48.81M,-0.02%
08-09-2021,298.1,300.75,304.2,296.05,16.99M,-0.65%
09-09-2021,298.95,294,303.5,293.55,34.02M,1.25%
11-09-2021,509.65,505,520.65,503.5,50.46M,1.65%
12-09-2021,493.95,498,498.5,489.55,16.95M,0.01%
13-09-2021,301.2,299,302,295.5,16.34M,0.75%
14-09-2021,306.1,302.25,307.2,302.2,23.23M,1.63%
15-09-2021,311.95,306.1,313,306.1,26.81M,1.91%
16-09-2021,311.65,313.4,315,307.65,26.25M,-0.10%
17-09-2021,308.6,312,315.35,306,24.97M,-0.98%
20-09-2021,298.95,304.9,310.25,297.3,19.63M,-3.13%
21-09-2021,301.95,298.6,302.7,293.1,19.44M,1.00%
22-09-2021,310.1,303.15,313.8,303,29.55M,2.70%
23-09-2021,321.5,313.2,324,313.2,52.70M,3.68%
24-09-2021,317.95,325.1,326.95,316.05,28.90M,-1.10%
27-09-2021,331.65,323.15,333.6,323.15,56.31M,4.31%
28-09-2021,329.3,334,336,324.5,28.50M,-0.71%
29-09-2021,330.25,325,333,324,19.74M,0.29%
30-09-2021,333.35,331.25,337.9,329.1,30.27M,0.94%
02-10-2021,328.9,326,332.65,319.5,93.47M,1.18%
03-10-2021,321.45,319.5,324.45,316.7,58.64M,1.98%
05-10-2021,314.85,304.5,315.7,304,53.26M,4.00%
06-10-2021,344.75,345.2,347.85,342.4,24.35M,0.41%
08-10-2021,294.2,297.9,300.2,291,15.17M,-1.31%
11-10-2021,510.75,506.25,515.95,500.2,26.62M,0.22%
12-10-2021,494.45,487.75,496.8,486.55,14.57M,0.10%
13-10-2021,506.9,462.9,523.85,462.9,197.95M,20.45%
14-10-2021,497.6,530,530,492,103.63M,-1.83%
18-10-2021,509.6,507,525,503.6,72.32M,2.41%
19-10-2021,481.9,512.45,517.4,476.05,57.43M,-5.44%
20-10-2021,486.9,481.8,497,471.25,55.44M,1.04%
21-10-2021,508,491.75,510.4,485.75,52.61M,4.33%
22-10-2021,490.9,509.9,510.7,487.4,42.74M,-3.37%
25-10-2021,479.9,493.9,496,473.25,33.11M,-2.24%
26-10-2021,508.65,483.5,510,483.25,58.03M,5.99%
27-10-2021,497.9,505.75,506.55,496,30.36M,-2.11%
28-10-2021,481.05,493.9,493.9,478.55,25.18M,-3.38%
29-10-2021,483.7,482,491.6,467.7,31.05M,0.55%
01-11-2021,220.65,199.9,225.4,199.65,182.48M,11.36%
02-11-2021,325,326.45,331.35,323.4,55.26M,-1.19%
05-11-2021,315.55,309.55,320.75,308.1,58.47M,0.22%
06-11-2021,350.75,346,352.9,344.35,36.44M,1.74%
08-11-2021,295.45,295.3,297.8,286.45,20.80M,0.42%
10-11-2021,415.75,390.15,420.9,388,113.41M,8.57%
11-11-2021,503.45,510,519,501,29.26M,-1.43%
15-11-2021,505.45,506.25,514.9,504.5,18.02M,-0.32%
16-11-2021,519.05,506.9,526.85,506.2,55.90M,2.69%
17-11-2021,530.15,520.25,536.7,520.25,48.46M,2.14%
18-11-2021,509.7,531.45,534.2,501.3,47.20M,-3.86%
22-11-2021,486.1,512.25,512.25,478.4,40.04M,-4.63%
23-11-2021,495.5,484.4,499.35,477,27.55M,1.93%
24-11-2021,488.65,499,501.8,485.3,20.92M,-1.38%
25-11-2021,492.75,490.8,495.15,486.5,15.34M,0.84%
26-11-2021,460.2,486,486.75,458,51.79M,-6.61%
29-11-2021,461.45,457,470.75,443.1,42.82M,0.27%
30-11-2021,458.6,466.55,478,455.65,35.47M,-0.62%
01-12-2021,237.8,227,252.4,224.1,390.58M,7.77%
02-12-2021,325.4,326.4,330.5,321.25,64.09M,0.12%
03-12-2021,317.55,325.05,326.5,314.15,48.36M,-1.21%
04-12-2021,286.55,307.85,307.85,282.9,105.34M,-9.95%
05-12-2021,326,318.25,334.75,316.25,111.58M,3.31%
07-12-2021,307.45,310.8,312,306.1,32.28M,0.38%
08-12-2021,306,297.3,307.4,297.3,33.65M,3.57%
10-12-2021,420.85,423,435.7,413.6,97.35M,1.23%
11-12-2021,507.05,506.95,509.55,497.35,20.73M,0.72%
13-12-2021,495.35,499.45,506.4,494.2,21.92M,0.18%
14-12-2021,489.4,491.95,491.95,483.3,17.72M,-1.20%
15-12-2021,491.65,487.8,497.7,487.25,16.26M,0.46%
16-12-2021,491.95,495,496.5,487.4,13.58M,0.06%
17-12-2021,470.2,488,488.85,468.2,27.34M,-4.42%
20-12-2021,447.05,459.9,460,440,33.01M,-4.92%
21-12-2021,453.6,452.1,460.9,449.85,18.84M,1.47%
22-12-2021,470.5,458.15,472.15,458.15,22.73M,3.73%
23-12-2021,472.35,476,478,470.95,12.12M,0.39%
24-12-2021,467.6,474.9,474.9,460,15.49M,-1.01%
27-12-2021,471.15,465.7,472.45,460.1,12.56M,0.76%
28-12-2021,480.2,475.2,482.8,472.65,22.86M,1.92%
29-12-2021,476,478.75,481.6,474.25,10.26M,-0.87%
30-12-2021,470.4,472.55,476.4,468.6,11.92M,-1.18%
31-12-2021,482.4,472.7,483.6,471.85,15.54M,2.55%
02-01-2022,504.3,508,514.75,493,48.03M,-2.60%
04-01-2022,441.15,434,442.25,430.85,19.38M,1.71%
06-01-2022,444.6,445.1,446,439.6,11.93M,0.24%
07-01-2022,411.43,409.39,413.33,401.06,14.73M,-0.09%
08-01-2022,477.73,450.56,479.52,449.66,43.08M,6.58%
09-01-2022,465.46,461.08,472.94,460.73,13.39M,-0.89%
11-01-2022,420.05,413.62,421.1,411.53,17.32M,2.08%
12-01-2022,436.9,441.64,442.23,435.51,8.91M,-0.26%
13-01-2022,511.95,504,513.8,494.8,27.57M,0.93%
14-01-2022,509.9,509,515.4,505.65,12.66M,-0.40%
17-01-2022,525,514.8,526.9,512,27.94M,2.96%
18-01-2022,510.8,527.9,528.5,507.15,19.35M,-2.70%
19-01-2022,520.85,510,522.2,504.8,21.80M,1.97%
20-01-2022,515.7,519.95,523.2,512,18.36M,-0.99%
21-01-2022,501.85,510.4,513.85,494.25,17.95M,-2.69%
24-01-2022,478.45,499.7,504.3,473.35,25.23M,-4.66%
25-01-2022,490.55,473.8,492.5,467.65,22.57M,2.53%
27-01-2022,494.4,480.75,502.7,476.6,26.68M,0.78%
28-01-2022,497.3,500.5,509.35,495.3,21.78M,0.59%
31-01-2022,517.75,505,520,498.2,27.31M,4.11%
02-02-2022,506.4,508.6,514.45,505.15,14.31M,0.42%
03-02-2022,447.6,452.95,454.25,444.55,25.79M,-1.42%
05-02-2022,432.85,437.95,442.95,428.5,18.95M,-1.09%
06-02-2022,439.15,445,445.6,435.65,12.74M,-1.23%
08-02-2022,474.79,477.43,478.42,467.81,19.07M,-0.62%
09-02-2022,460.33,469.4,470.35,458.73,10.81M,-1.10%
11-02-2022,420.85,421.75,423.79,418.86,12.43M,0.19%
12-02-2022,434.06,437.65,439.79,433.66,8.35M,-0.65%
14-02-2022,471.45,487,488.5,468.8,22.16M,-5.49%
15-02-2022,504,476.15,505.5,467.3,30.62M,6.90%
16-02-2022,498.45,504,507.9,496.6,20.18M,-1.10%
17-02-2022,499.95,505.9,511.5,498.3,27.94M,0.30%
18-02-2022,493.15,498,502.65,491.5,15.48M,-1.36%
21-02-2022,494.45,490.15,500.4,486.1,22.59M,0.26%
22-02-2022,478.25,480.55,486.3,471.45,27.96M,-3.28%
23-02-2022,477,481.75,485.4,475.3,17.70M,-0.26%
24-02-2022,427.95,455.95,461.55,405.45,57.27M,-10.28%
25-02-2022,459.75,444.85,465.7,441.6,48.88M,7.43%
28-02-2022,454.05,445,457.35,440.45,34.48M,-1.24%
01-03-2022,497.6,493.5,500.85,492,32.75M,3.15%
02-03-2022,504.5,509.1,514.3,502.85,15.25M,-0.38%
03-03-2022,437.1,458.5,458.5,435,29.60M,-2.35%
06-03-2022,431.9,444.9,445.05,430.5,12.78M,-1.65%
08-03-2022,466.36,473.54,474.79,458.19,19.13M,-1.77%
10-03-2022,396.43,404.25,405.3,394.28,20.33M,-1.72%
11-03-2022,414.97,418.11,422,413.23,10.99M,-1.40%
14-03-2022,411.7,418.75,419,404,40.72M,-1.54%
15-03-2022,413.65,409.85,424.2,408,47.71M,0.47%
16-03-2022,424.9,427.05,428.55,420.7,27.19M,2.72%
17-03-2022,433.8,432,435.7,429.55,26.70M,2.09%
21-03-2022,427.95,435.5,436.3,427.1,18.27M,-1.35%
22-03-2022,440.35,428.1,441.45,421.2,30.44M,2.90%
23-03-2022,435.8,443.5,447,434.6,25.47M,-1.03%
24-03-2022,433.2,430,435.4,427.55,17.11M,-0.60%
25-03-2022,432.1,437,437,427.65,15.10M,-0.25%
28-03-2022,432.7,432,434.95,426.5,16.76M,0.14%
29-03-2022,433.7,436,439.35,431.4,18.71M,0.23%
30-03-2022,435.65,438.45,442.5,434.25,18.15M,0.45%
31-03-2022,433.75,436,438.3,432.6,14.25M,-0.44%
01-04-2022,489.6,496.8,499,484.05,24.10M,-1.61%
02-04-2022,500.6,503.8,507.8,499,12.66M,-0.77%
03-04-2022,417.25,431.85,431.85,414.75,38.77M,-4.54%
04-04-2022,446.75,444.4,449.5,441.3,18.66M,1.27%
05-04-2022,423.5,437.95,440.6,420.7,14.93M,-2.16%
07-04-2022,407.19,410.28,413.62,403.75,11.53M,-1.03%
08-04-2022,467.46,471.7,472.49,455.05,18.54M,0.24%
10-04-2022,406.64,404.75,407.69,401.66,12.76M,2.58%
11-04-2022,424.04,416.91,424.69,415.62,12.28M,2.19%
13-04-2022,431.05,441.8,442.85,430.1,16.82M,-1.65%
18-04-2022,433.8,430,436.35,423.65,15.30M,0.64%
19-04-2022,424.95,436.75,440.25,417,12.67M,-2.04%
20-04-2022,440.55,431,441.7,428.25,19.64M,3.67%
21-04-2022,448.05,444.5,449.35,441.05,14.12M,1.70%
22-04-2022,438.85,442.05,447.25,438,14.36M,-2.05%
25-04-2022,425.15,432.75,436,423.15,14.73M,-3.12%
26-04-2022,434.9,433.9,437.45,431.6,13.58M,2.29%
27-04-2022,430.25,429.25,432.95,425.1,13.70M,-1.07%
28-04-2022,436.05,434.8,439.2,430.8,13.88M,1.35%
29-04-2022,437.6,440.2,447.75,436,21.99M,0.36%
01-05-2022,489.75,486.95,492.75,483.55,15.42M,0.03%
04-05-2022,458.05,450,461.9,448.3,28.53M,2.53%
05-05-2022,426.3,429,434,423.7,12.24M,0.66%
07-05-2022,410.73,413.72,417.51,408.94,16.77M,0.87%
08-05-2022,463.82,467.46,471.45,462.57,11.92M,-0.78%
09-05-2022,457.59,458.34,462.52,455.59,9.38M,-0.60%
12-05-2022,427.43,434.16,436.15,426.48,12.86M,-1.53%
13-05-2022,404.3,387,419.35,387,71.43M,8.60%
16-05-2022,405.35,411.9,411.9,396.25,24.94M,0.26%
17-05-2022,424.15,408.4,425.65,405,24.65M,4.64%
18-05-2022,415.15,424,427.35,414.05,20.49M,-2.12%
19-05-2022,398.65,400,406.8,396.2,17.71M,-3.97%
20-05-2022,418,410,421.4,410,23.50M,4.85%
23-05-2022,421.45,421.65,431.15,419.55,16.35M,0.83%
24-05-2022,425.75,423.9,427.5,416,14.53M,1.02%
25-05-2022,417,428.45,429,413.45,13.54M,-2.06%
26-05-2022,420.65,422,422.65,405,17.71M,0.88%
27-05-2022,429.6,426.05,433.25,425.2,16.87M,2.13%
30-05-2022,442.4,437,445.2,436,18.50M,2.98%
31-05-2022,443.55,443.95,449.5,440.4,22.31M,0.26%
01-06-2022,488.85,481.5,492.95,477.1,16.56M,-0.18%
04-06-2022,456.15,455.9,462.7,452.6,24.97M,-0.41%
05-06-2022,408.55,418.85,420.2,407,25.14M,-4.16%
06-06-2022,432.35,427.9,433.95,424.6,11.90M,0.10%
07-06-2022,415.07,412.73,416.02,409.39,12.20M,1.06%
09-06-2022,456.34,461.28,462.27,455.2,9.81M,-0.27%
10-06-2022,412.83,408.34,416.36,408.24,12.77M,1.52%
12-06-2022,425.79,427.48,430.02,424.04,8.46M,-0.38%
13-06-2022,406.7,414.9,418.15,405.6,17.44M,-4.99%
14-06-2022,405.15,403,411.85,397.7,19.63M,-0.38%
15-06-2022,414.1,410,416.4,407.45,15.19M,2.21%
16-06-2022,392.95,420,420.9,390.1,22.26M,-5.11%
17-06-2022,388.95,387.95,394.45,382.65,24.82M,-1.02%
20-06-2022,382.7,390.55,392.95,376.65,17.05M,-1.61%
21-06-2022,397.6,389,399,387,14.74M,3.89%
22-06-2022,393.1,396.4,397,390.5,12.43M,-1.13%
23-06-2022,407.2,396.3,409.9,394.55,26.51M,3.59%
24-06-2022,409.3,410,412.85,406.15,14.81M,0.52%
27-06-2022,414.5,417.55,419.45,412.35,12.02M,1.27%
28-06-2022,417.1,411.3,418.2,409.15,13.24M,0.63%
29-06-2022,416.95,412.05,419.9,411.55,13.10M,-0.04%
30-06-2022,411.8,418.3,424,410,20.12M,-1.24%
01-07-2022,490.6,490.05,495.5,483.75,15.53M,0.36%
02-07-2022,494.6,502.9,504.35,492.5,13.39M,-1.20%
03-07-2022,394,401.75,401.75,387.5,44.84M,-5.57%
04-07-2022,449.5,456.5,459.1,448.5,19.95M,-1.46%
06-07-2022,435.85,432.5,438.2,429.1,11.15M,0.81%
07-07-2022,429.52,418.61,431.62,418.01,17.62M,3.48%
09-07-2022,444.48,451.81,455.1,442.29,20.76M,-2.60%
10-07-2022,410.88,412.13,412.73,407.44,10.67M,-0.47%
11-07-2022,433.66,426.93,436.15,426.93,15.06M,2.27%
12-07-2022,418.81,426.68,426.68,417.81,12.13M,-1.64%
13-07-2022,425.79,431.37,434.51,424.34,10.18M,-0.80%
14-07-2022,426.73,426.68,429.92,422,10.74M,0.22%
15-07-2022,438.85,429.33,440.39,428.38,15.77M,2.84%
18-07-2022,449.51,442.58,452.4,441.84,21.19M,2.43%
19-07-2022,447.67,445.38,450.46,443.08,11.55M,-0.41%
20-07-2022,452.05,452.95,459.33,450.36,17.15M,0.98%
21-07-2022,453.45,451.56,454.1,448.71,10.93M,0.31%
22-07-2022,453.5,455.2,458.54,450.91,10.34M,0.01%
25-07-2022,448.17,454.6,456.19,444.93,12.51M,-1.18%
26-07-2022,439.79,447.32,447.32,438.4,11.56M,-1.87%
27-07-2022,442.68,439.79,443.63,434.76,10.08M,0.66%
28-07-2022,440.89,438.9,447.87,426.08,36.38M,-0.41%
29-07-2022,448.22,443.78,451.31,443.78,16.00M,1.66%
02-08-2022,492.75,498,498.5,479.15,23.38M,-0.37%
03-08-2022,391.75,390.5,395.45,376.35,55.54M,-0.57%
04-08-2022,452.05,450,456.25,449.7,16.32M,0.57%
06-08-2022,435.65,438.7,440.4,432,12.84M,-0.05%
07-08-2022,440.19,434.91,442.48,427.98,23.73M,2.48%
08-08-2022,466.81,464.57,470.45,463.02,10.56M,0.64%
09-08-2022,440.84,451.06,451.16,438.65,19.34M,-0.82%
12-08-2022,415.92,419.7,420.1,414.07,9.54M,-0.69%
16-08-2022,488.34,478.13,489.89,476.73,16.80M,2.58%
17-08-2022,483.91,489.39,492.88,482.71,15.95M,-0.91%
18-08-2022,483.31,482.51,485.3,477.78,12.07M,-0.12%
19-08-2022,469.55,485.25,486.6,466.66,16.64M,-2.85%
22-08-2022,453.2,467.06,467.51,451.16,15.05M,-3.48%
23-08-2022,459.03,447.62,460.68,446.22,17.78M,1.29%
24-08-2022,461.77,457.59,463.47,456.29,12.21M,0.60%
25-08-2022,457.79,464.57,467.36,455.99,11.26M,-0.86%
26-08-2022,463.62,463.57,469,462.52,11.25M,1.27%
29-08-2022,451.95,449.61,455.49,448.77,11.65M,-2.52%
30-08-2022,469.65,457.24,470.95,455.69,14.42M,3.92%
02-09-2022,501.25,496.5,503.7,494.7,12.43M,1.73%
03-09-2022,405.9,394.95,409.25,389.5,48.38M,3.61%
05-09-2022,403.95,407.15,407.4,395,18.08M,-1.13%
06-09-2022,428.5,431.9,435.65,426.1,13.04M,-1.64%
09-09-2022,444.53,446.12,448.27,439.24,14.29M,0.84%
11-09-2022,431.82,437.85,439.84,430.67,14.47M,-0.43%
12-09-2022,412.03,418.01,419.65,408.29,9.92M,-0.93%
13-09-2022,455.39,452.9,457.54,452.15,10.66M,1.29%
14-09-2022,448.82,446.22,453.3,445.63,10.36M,-1.44%
15-09-2022,445.87,451.01,454.45,444.68,10.36M,-0.66%
16-09-2022,431.17,444.63,445.03,427.78,20.99M,-3.30%
19-09-2022,424.14,430.17,430.27,422.75,15.24M,-1.63%
20-09-2022,432.91,429.27,441.99,429.27,17.56M,2.07%
21-09-2022,426.33,432.61,434.66,424.19,10.83M,-1.52%
22-09-2022,430.87,423.69,433.26,421.25,13.60M,1.06%
23-09-2022,421.8,430.57,430.57,419.26,13.44M,-2.11%
26-09-2022,396.28,414.72,416.61,391.94,33.23M,-6.05%
27-09-2022,397.57,402.66,402.76,389.15,21.93M,0.33%
28-09-2022,397.87,393.68,405.35,391.64,18.11M,0.08%
29-09-2022,401.01,409.74,411.98,398.37,20.73M,0.79%
30-09-2022,403.36,396.78,406.99,391.29,20.95M,0.58%
01-10-2022,503.7,493.1,504.9,491.3,25.19M,2.67%
02-10-2022,507.45,506.7,510.5,504.2,14.54M,1.24%
03-10-2022,419.6,427,434.95,414,59.78M,3.38%
05-10-2022,391.75,400,408.5,389.6,16.54M,-3.02%
06-10-2022,428.05,423,428.85,422,11.91M,-0.11%
08-10-2022,474.09,468.55,475.73,461.92,13.36M,1.56%
10-10-2022,394.73,402.16,402.16,391.84,32.91M,-3.93%
11-10-2022,410.93,419.21,419.26,407.94,26.25M,-4.84%
13-10-2022,397.77,395.33,402.26,393.34,12.58M,0.62%
14-10-2022,395.03,405.75,407.94,394.08,12.88M,-0.69%
17-10-2022,394.88,392.79,397.67,391.29,9.54M,-0.04%
18-10-2022,403.01,399.77,405.45,399.47,14.22M,2.06%
19-10-2022,397.82,404.95,405.7,396.08,8.65M,-1.29%
20-10-2022,396.88,395.78,398.67,391.89,10.75M,-0.24%
21-10-2022,396.83,395.78,401.01,393.49,10.28M,-0.01%
24-10-2022,400.36,404.75,404.75,398.92,2.87M,0.89%
25-10-2022,403.31,403.11,409.24,401.96,17.98M,0.73%
27-10-2022,406.45,407.29,410.43,402.76,14.61M,0.78%
28-10-2022,408.64,406.74,409.93,404.85,12.49M,0.54%
31-10-2022,411.48,413.08,415.02,410.33,9.93M,0.70%
01-11-2022,501.3,503,507.9,498.15,16.27M,-0.48%
02-11-2022,498.85,503.25,507,497,13.53M,-1.69%
03-11-2022,418.15,413.6,421.15,407.4,51.51M,-0.35%
04-11-2022,452.05,457,458.9,451,14.34M,0.00%
05-11-2022,388.15,396,397,377.55,29.22M,-0.92%
07-11-2022,435.71,436.7,439.84,432.12,12.62M,-1.02%
08-11-2022,475.18,481.07,483.51,474.14,12.78M,0.23%
10-11-2022,392.14,395.78,398.27,390.1,14.64M,-0.66%
11-11-2022,422.2,418.71,424.19,413.42,19.30M,2.74%
14-11-2022,432.37,422.7,436.35,422.2,18.00M,2.41%
15-11-2022,435.8,433.56,437.15,432.77,10.70M,0.80%
16-11-2022,430.22,435.61,436.85,428.28,8.21M,-1.28%
17-11-2022,421.85,420.7,426.23,418.31,15.62M,-1.95%
18-11-2022,422.5,422.7,425.14,419.86,9.85M,0.15%
21-11-2022,419.8,424.29,426.29,418.71,9.50M,-0.64%
22-11-2022,423.39,419.7,425.09,419.21,6.41M,0.85%
23-11-2022,422.75,425.54,427.98,421.55,6.57M,-0.15%
24-11-2022,422.1,423.19,423.94,419.41,6.77M,-0.15%
25-11-2022,431.87,423.69,433.81,422.7,18.76M,2.31%
28-11-2022,431.92,433.66,438.99,431.07,10.70M,0.01%
29-11-2022,431.82,431.17,436.55,428.23,8.63M,-0.02%
30-11-2022,438.05,433.66,439.64,431.97,14.73M,1.44%
01-12-2022,507.25,505.85,511.85,503.5,16.26M,1.19%
04-12-2022,438.3,450.8,450.8,435,22.70M,-3.04%
05-12-2022,372.3,382,384.65,366.2,33.51M,-4.08%
07-12-2022,429.23,431.67,433.66,426.83,9.52M,-1.49%
08-12-2022,476.08,474.29,479.97,468.55,13.48M,0.19%
09-12-2022,449.61,446.32,451.61,445.63,8.96M,1.14%
10-12-2022,395.33,393.34,396.98,389.9,14.29M,0.81%
12-12-2022,412.88,410.73,415.62,406.74,8.01M,0.21%
13-12-2022,417.21,418.66,420.2,415.97,9.72M,1.05%
14-12-2022,416.61,419.26,420.05,416.07,6.31M,-0.14%
15-12-2022,415.42,417.56,421.5,414.42,7.54M,-0.29%
16-12-2022,420.3,416.07,426.48,411.83,50.95M,1.18%
19-12-2022,416.71,420.6,421.55,414.22,9.81M,-0.85%
20-12-2022,409.24,416.71,416.71,406.74,12.34M,-1.79%
21-12-2022,401.36,411.33,413.13,399.77,11.61M,-1.92%
22-12-2022,393.24,402.86,403.45,389,14.91M,-2.02%
23-12-2022,377.19,388.8,388.8,375.84,19.90M,-4.08%
26-12-2022,383.62,379.08,389.5,374.05,16.98M,1.70%
27-12-2022,392.94,388.8,396.23,387.3,14.37M,2.43%
28-12-2022,390.1,392.79,394.68,389.2,8.44M,-0.72%
29-12-2022,384.71,387.8,388.8,381.87,15.63M,-1.38%
30-12-2022,386.76,389.8,390.99,385.81,9.20M,0.53%
02-01-2023,445.28,455.39,460.08,436.3,23.80M,-1.21%
03-01-2023,424.69,420.2,426.68,420.2,7.60M,1.26%
06-01-2023,533.55,525.88,534.6,521.24,12.51M,1.69%
08-01-2023,641.67,643.02,650.89,640.03,8.92M,-0.10%
09-01-2023,609.32,602.34,613.01,600.05,10.30M,1.70%
11-01-2023,625.77,628.06,631.85,624.37,8.79M,-0.15%
12-01-2023,703.28,705.82,708.81,700.84,10.57M,-0.13%
13-01-2023,410.23,411.73,415.07,406.74,10.45M,-0.18%
16-01-2023,411.73,412.23,413.62,406.35,11.46M,0.36%
17-01-2023,414.02,411.73,418.16,411.23,12.34M,0.56%
18-01-2023,407.14,414.62,414.67,406.2,13.31M,-1.66%
19-01-2023,399.52,405.25,406.55,398.87,13.13M,-1.87%
20-01-2023,401.91,402.76,411.23,399.97,23.91M,0.60%
23-01-2023,407.14,405.75,409.69,403.75,13.11M,1.30%
24-01-2023,420.85,408.74,422.7,408.74,30.20M,3.37%
25-01-2023,417.76,422.45,425.94,416.42,22.98M,-0.73%
27-01-2023,444.23,436.65,452.01,433.81,63.36M,6.34%
30-01-2023,442.29,444.23,448.62,436.3,18.32M,-0.44%
31-01-2023,450.71,442.33,453.4,439.54,25.15M,1.90%
01-02-2023,393.59,391.29,394.78,389.8,10.50M,1.77%
02-02-2023,443.43,445.38,447.82,439.34,11.34M,-0.41%
03-02-2023,419.16,424.69,424.94,418.26,5.66M,-1.30%
05-02-2023,478.77,481.02,482.51,473.09,11.54M,-0.97%
06-02-2023,534.25,535.35,539.59,531.11,12.29M,0.13%
08-02-2023,620.73,642.02,642.32,614.55,15.76M,-3.26%
11-02-2023,634.49,630.06,636.24,628.16,9.93M,1.39%
13-02-2023,439.69,444.13,445.52,437.55,8.33M,-1.08%
14-02-2023,439.2,440.64,442.93,433.06,8.57M,-0.11%
15-02-2023,442.78,437.15,443.53,436.8,9.86M,0.82%
16-02-2023,440.24,443.63,446.87,439.14,7.67M,-0.57%
17-02-2023,438.55,434.66,441.09,434.66,6.96M,-0.39%
20-02-2023,441.64,440.44,443.93,434.91,9.72M,0.70%
21-02-2023,435.16,443.83,443.83,433.91,8.96M,-1.47%
22-02-2023,428.13,433.96,434.51,426.93,7.21M,-1.62%
23-02-2023,431.87,427.33,435.11,425.89,9.28M,0.87%
24-02-2023,426.43,434.06,435.36,425.69,7.90M,-1.26%
27-02-2023,416.66,426.43,426.73,411.78,10.44M,-2.29%
28-02-2023,419.41,417.71,423.49,417.71,9.65M,0.66%
01-03-2023,392.69,394.78,397.13,391.79,9.43M,-0.23%
02-03-2023,444.08,445.63,449.41,440.99,13.07M,0.15%
03-03-2023,426.68,421.3,429.18,420.65,8.03M,1.80%
04-03-2023,422.95,421.7,423.64,418.21,6.95M,0.82%
05-03-2023,482.21,478.77,483.61,476.28,8.53M,0.72%
07-03-2023,588.98,598.15,600.45,588.18,11.13M,-0.80%
08-03-2023,617.05,621.08,624.52,612.26,11.46M,-0.59%
10-03-2023,618.54,630.65,630.7,616.7,6.89M,-1.55%
11-03-2023,645.51,659.96,663.95,644.21,23.09M,1.74%
13-03-2023,421.1,434.76,435.66,417.81,8.78M,-3.09%
14-03-2023,415.37,421.55,422.89,412.13,9.19M,-1.36%
15-03-2023,410.08,420.7,423.69,408.84,7.68M,-1.27%
16-03-2023,414.42,412.03,417.21,403.75,11.85M,1.06%
17-03-2023,417.71,417.71,422.15,413.27,8.66M,0.79%
20-03-2023,409.49,414.32,415.67,404.25,10.08M,-1.97%
21-03-2023,411.28,411.58,412.63,406.45,7.39M,0.44%
22-03-2023,414.82,414.72,417.11,412.48,5.73M,0.86%
23-03-2023,417.86,414.72,421.2,414.72,9.82M,0.73%
24-03-2023,415.22,417.71,419.26,413.52,6.88M,-0.63%
27-03-2023,410.78,414.72,417.21,408.99,7.43M,-1.07%
28-03-2023,400.36,412.88,413.23,399.22,9.55M,-2.54%
29-03-2023,407.94,400.36,409.34,400.36,10.48M,1.89%
31-03-2023,419.51,410.08,420.45,409.74,11.04M,2.83%
01-04-2023,384.41,393.59,393.59,383.82,16.12M,-2.11%
05-04-2023,479.32,482.11,484.9,477.28,5.65M,-0.60%
07-04-2023,589.63,592.57,594.57,587.69,6.92M,0.11%
08-04-2023,613.11,622.93,623.08,611.41,11.81M,-0.64%
09-04-2023,607.13,613.71,613.71,604.14,8.39M,-0.36%
10-04-2023,611.71,618.89,618.89,606.43,7.61M,-1.10%
12-04-2023,703.43,713.8,714.79,702.63,9.35M,0.02%
13-04-2023,468.06,463.52,470.55,461.83,12.73M,0.86%
17-04-2023,470.7,469.55,471.55,464.37,10.71M,0.56%
18-04-2023,471.55,473.54,481.86,466.66,16.14M,0.18%
19-04-2023,467.96,471.55,474.04,466.41,7.37M,-0.76%
20-04-2023,475.33,472.24,478.22,467.96,14.26M,1.58%
21-04-2023,469.75,475.23,475.23,465.76,8.48M,-1.17%
24-04-2023,473.74,469.75,474.54,466.86,8.02M,0.85%
25-04-2023,472.09,473.74,474.93,470.45,6.89M,-0.35%
26-04-2023,476.73,471.55,478.02,471.15,7.79M,0.98%
27-04-2023,480.12,477.03,480.52,475.03,7.09M,0.71%
28-04-2023,483.46,479.92,486.5,476.88,9.95M,0.70%
01-05-2023,385.71,386.71,387.55,381.32,10.44M,0.34%
04-05-2023,425.24,422.95,427.43,421.85,8.82M,0.54%
05-05-2023,475.63,480.17,483.21,474.68,4.83M,-0.77%
06-05-2023,544.57,537.34,547.11,536.24,15.01M,1.93%
07-05-2023,586.44,590.18,591.18,583.15,8.72M,-0.54%
09-05-2023,609.27,608.12,617,606.18,8.56M,0.35%
10-05-2023,617.69,617.1,619.44,612.76,7.89M,0.98%
12-05-2023,706.77,703.73,712.7,702.83,9.60M,0.47%
15-05-2023,529.22,522.24,535.5,519.9,38.27M,2.89%
16-05-2023,519.55,532.31,534.3,517.25,16.51M,-1.83%
17-05-2023,513.91,520.89,522.34,510.92,13.68M,-1.08%
18-05-2023,506.89,517.2,519.3,505.54,12.29M,-1.37%
19-05-2023,523.34,508.23,524.78,503.2,19.34M,3.25%
22-05-2023,520.89,523.34,525.38,517.75,9.98M,-0.47%
23-05-2023,526.87,520.89,529.37,519.55,12.26M,1.15%
24-05-2023,518.6,525.53,528.02,517.55,7.65M,-1.57%
25-05-2023,513.27,516.41,516.41,507.53,11.54M,-1.03%
26-05-2023,516.85,513.32,518.15,510.62,8.36M,0.70%
29-05-2023,519.85,523.39,523.48,518.1,6.60M,0.58%
30-05-2023,517.2,519.85,521.89,516.41,5.13M,-0.51%
31-05-2023,524.68,518.35,525.88,514.81,12.33M,1.45%
01-06-2023,380.83,384.91,387.2,379.83,8.72M,-1.27%
02-06-2023,440.64,443.08,445.63,438.2,6.80M,-0.77%
03-06-2023,438.75,429.62,440.09,428.68,11.31M,2.83%
04-06-2023,436.3,425.19,437.95,422.45,10.91M,2.60%
06-06-2023,554.04,547.76,555.29,543.67,15.40M,1.74%
07-06-2023,598.95,588.98,603.09,586.74,14.36M,2.13%
09-06-2023,608.37,609.27,610.67,603.74,6.52M,-0.15%
10-06-2023,620.53,625.07,625.42,618.09,7.92M,0.46%
11-06-2023,644.06,650.84,650.84,641.22,10.80M,-0.22%
12-06-2023,720.23,706.87,722.57,706.82,12.15M,1.90%
13-06-2023,560.47,565.95,569.29,559.03,12.85M,-0.35%
14-06-2023,568.55,564.26,569.44,562.27,12.71M,1.44%
15-06-2023,566.7,570.04,573.23,566,12.48M,-0.32%
16-06-2023,568.05,567.9,570.44,564.31,8.74M,0.24%
19-06-2023,564.31,568.9,571.44,562.47,6.28M,-0.66%
20-06-2023,581.46,564.31,582.15,560.77,18.07M,3.04%
21-06-2023,579.61,583.15,584.1,572.73,9.15M,-0.32%
22-06-2023,567.6,582.2,582.9,566.45,11.23M,-2.07%
23-06-2023,557.93,568.25,569.39,555.98,9.36M,-1.70%
26-06-2023,566.1,558.28,567.25,556.08,6.99M,1.47%
27-06-2023,571.34,568.25,575.13,566.7,9.40M,0.92%
28-06-2023,584.84,577.22,588.18,573.73,16.72M,2.36%
30-06-2023,593.72,586.54,597.16,586.19,12.49M,1.52%
02-07-2023,434.11,440.34,442.04,431.57,9.02M,-1.48%
06-07-2023,566.2,557.08,573.23,550.45,20.86M,2.20%
07-07-2023,616.3,598.15,622.88,590.38,21.07M,2.90%
08-07-2023,607.63,617.1,617.1,606.63,9.89M,-0.89%
09-07-2023,613.01,609.02,614.6,607.18,6.52M,0.76%
11-07-2023,643.02,643.02,647.9,641.32,6.59M,-0.16%
12-07-2023,719.73,722.77,725.26,713.8,10.45M,-0.07%
13-07-2023,618.74,623.08,624.57,613.61,9.69M,-0.13%
14-07-2023,622.98,621.08,624.07,617.59,7.01M,0.68%
17-07-2023,616.6,624.97,625.07,615.25,7.58M,-1.02%
18-07-2023,610.22,618.49,618.94,605.13,10.36M,-1.03%
19-07-2023,618.69,612.11,623.38,608.27,11.13M,1.39%
20-07-2023,619.74,620.73,621.68,614.3,7.83M,0.17%
21-07-2023,623.83,619.09,629.06,615.8,12.91M,0.66%
24-07-2023,627.31,626.02,632.5,624.32,12.25M,0.56%
25-07-2023,637.48,634.04,640.52,631.4,13.99M,1.62%
26-07-2023,639.13,638.03,663.35,637.03,31.67M,0.26%
27-07-2023,641.72,645.01,646.46,634.79,11.70M,0.41%
28-07-2023,633.35,644.01,644.01,629.86,9.30M,-1.30%
31-07-2023,642.32,638.23,643.56,633.94,7.50M,1.42%
02-08-2023,438.75,434.11,439.64,430.22,8.67M,1.07%
03-08-2023,437.95,437.65,439.89,434.76,7.85M,-0.18%
05-08-2023,498.96,478.52,500.76,476.63,23.52M,4.90%
06-08-2023,557.98,568.25,574.78,555.29,21.53M,-1.45%
08-08-2023,605.43,610.67,612.86,603.39,8.86M,-0.36%
09-08-2023,625.32,616.05,626.97,612.31,16.19M,2.01%
11-08-2023,640.57,646.01,647.05,639.93,6.55M,-0.38%
12-08-2023,712.35,719.83,725.36,705.32,8.56M,-1.02%
14-08-2023,605.48,610.12,610.12,592.67,14.49M,-0.73%
16-08-2023,616.85,604.83,619.44,595.46,14.56M,1.88%
17-08-2023,611.86,618.09,620.09,609.12,12.12M,-0.81%
18-08-2023,613.91,610.91,618.19,609.02,11.19M,0.33%
21-08-2023,618.59,615.1,621.38,612.91,9.58M,0.76%
22-08-2023,618.29,619.89,624.57,616.7,8.53M,-0.05%
23-08-2023,612.01,620.83,620.83,611.26,8.25M,-1.02%
24-08-2023,609.07,616.1,617.1,607.78,7.10M,-0.48%
25-08-2023,603.24,608.97,614.8,591.47,16.08M,-0.96%
28-08-2023,600.55,603.54,606.63,599.7,7.48M,-0.45%
29-08-2023,605.28,601.74,608.62,601.74,6.96M,0.79%
30-08-2023,603.69,609.32,611.02,603.14,5.68M,-0.26%
31-08-2023,599.15,606.93,607.78,597.21,10.54M,-0.75%
01-09-2023,388.25,385.16,391.49,383.82,14.69M,1.95%
02-09-2023,435.41,438.65,439.34,432.22,7.35M,-0.76%
03-09-2023,430.87,437.75,440.69,429.97,5.70M,-1.62%
05-09-2023,502.1,500.46,511.22,500.01,19.82M,0.63%
06-09-2023,560.57,562.66,564.71,557.58,9.36M,0.46%
08-09-2023,620.64,608.72,622.08,603.49,13.36M,2.51%
10-09-2023,615.45,618.89,620.09,611.81,6.38M,-0.82%
11-09-2023,647.35,642.02,651.64,640.72,10.16M,1.06%
13-09-2023,623.97,619.09,626.57,617.64,6.99M,0.82%
14-09-2023,622.68,626.17,628.86,621.38,5.72M,-0.21%
15-09-2023,632.3,626.77,634.54,625.22,18.92M,1.54%
18-09-2023,638.68,633.94,642.22,631.2,11.11M,1.01%
20-09-2023,636.54,638.73,645.01,635.04,11.78M,-0.34%
21-09-2023,625.12,636.54,639.73,622.08,9.27M,-1.79%
22-09-2023,618.54,626.07,628.86,617.1,6.55M,-1.05%
25-09-2023,616.8,621.93,623.28,616,6.39M,-0.28%
26-09-2023,617.89,616.8,623.78,616.05,6.27M,0.18%
27-09-2023,618.24,618.04,619.99,614.85,5.96M,0.06%
28-09-2023,612.21,620.98,621.88,610.37,6.77M,-0.98%
29-09-2023,628.26,616.8,631.05,615.1,8.97M,2.62%
01-10-2023,411.63,398.77,416.46,398.77,54.02M,6.02%
02-10-2023,444.48,436.6,446.42,429.87,14.80M,2.08%
03-10-2023,434.51,431.67,436.45,429.48,10.42M,0.84%
04-10-2023,459.88,450.66,471.84,450.61,50.46M,5.40%
05-10-2023,507.93,506.44,511.32,502.8,12.48M,1.16%
07-10-2023,616.75,622.08,632.85,615.65,23.80M,0.07%
08-10-2023,616.35,621.08,626.37,596.16,53.12M,-0.69%
10-10-2023,628.61,618.09,630.55,615.7,9.83M,2.14%
11-10-2023,649.05,647.35,650.94,642.02,6.43M,0.26%
13-10-2023,665.05,632,666.94,631.05,28.01M,4.73%
16-10-2023,664.15,666.49,675.72,659.22,20.01M,-0.13%
17-10-2023,653.68,667.94,668.84,652.64,10.26M,-1.58%
18-10-2023,666.44,656.57,670.18,651.79,14.91M,1.95%
19-10-2023,666.74,660.91,670.23,656.57,10.63M,0.04%
20-10-2023,661.16,664.6,674.32,658.47,11.76M,-0.84%
23-10-2023,645.36,661.61,665.2,643.02,8.56M,-2.39%
25-10-2023,635.89,648,649.9,634.09,8.23M,-1.47%
26-10-2023,624.62,633.05,633.7,622.23,8.89M,-1.77%
27-10-2023,639.08,628.06,641.97,626.52,10.23M,2.31%
30-10-2023,626.57,641.82,641.82,619.94,12.79M,-1.96%
31-10-2023,626.72,640.03,640.03,625.37,11.40M,0.02%
01-11-2023,416.91,414.47,418.71,412.28,22.22M,1.28%
04-11-2023,457.29,462.32,462.32,454.4,14.50M,-0.56%
05-11-2023,510.03,510.42,512.57,503.95,11.45M,0.41%
07-11-2023,626.57,623.03,628.51,620.24,12.05M,1.59%
08-11-2023,609.92,617.84,622.83,608.12,9.35M,-1.04%
09-11-2023,632.9,632.7,633.45,628.56,8.78M,1.21%
10-11-2023,632.05,631.05,635.84,630.65,7.70M,0.55%
12-11-2023,718.58,715.59,724.27,714.35,6.40M,0.87%
13-11-2023,651.24,650.99,651.99,647.3,3.28M,-0.35%
15-11-2023,669.48,657.97,671.43,654.53,11.32M,2.80%
16-11-2023,678.31,671.93,683.39,668.84,17.50M,1.32%
17-11-2023,679.45,680.4,685.53,677.51,9.56M,0.17%
20-11-2023,672.23,679.9,684.64,668.64,8.32M,-1.06%
21-11-2023,679.6,674.92,681.2,672.92,7.29M,1.10%
22-11-2023,679.1,681.85,685.24,673.97,9.28M,-0.07%
23-11-2023,677.86,681.1,683.79,674.97,5.89M,-0.18%
24-11-2023,671.63,679.3,679.85,669.18,6.95M,-0.92%
28-11-2023,695.35,675.37,697.3,672.18,16.02M,3.53%
29-11-2023,710.16,700.59,712.2,692.21,16.12M,2.13%
30-11-2023,704.23,714.1,715.04,694.86,24.28M,-0.84%
01-12-2023,410.98,419.01,419.21,408.79,12.48M,-1.42%
04-12-2023,464.07,457.94,467.16,456.79,13.55M,1.48%
05-12-2023,514.36,512.32,518.9,508.73,19.77M,0.85%
06-12-2023,562.41,565.26,567.15,558.92,7.60M,0.33%
07-12-2023,619.54,628.01,628.86,617.45,10.79M,-1.12%
09-12-2023,618.89,636.04,637.03,613.36,12.54M,-2.21%
10-12-2023,634.99,635.04,638.23,633.1,5.93M,0.47%
11-12-2023,653.55,657.95,657.95,652.7,2.24M,0.69%
12-12-2023,713.2,722.57,722.57,710.81,6.46M,-0.75%
13-12-2023,718.08,713.8,719.23,711.3,5.81M,0.68%
14-12-2023,717.54,721.77,722.47,716.39,6.73M,-0.08%
15-12-2023,730.15,721.67,731.74,719.03,12.08M,1.76%
18-12-2023,728.55,730.65,732.49,725.86,5.45M,-0.22%
19-12-2023,726.71,730.35,730.35,723.77,4.51M,-0.25%
20-12-2023,703.08,728.7,730.74,700.89,8.11M,-3.25%
21-12-2023,706.67,700.84,709.71,694.11,7.70M,0.51%
22-12-2023,722.47,714.59,728.75,709.81,12.06M,2.24%
26-12-2023,717.34,725.16,725.26,714.4,7.23M,-0.71%
27-12-2023,738.62,725.76,739.57,722.92,15.05M,2.97%
28-12-2023,751.58,740.37,755.62,736.78,14.91M,1.75%
29-12-2023,777.55,752.68,800.43,751.68,41.17M,3.46%
01-01-2024,788.17,782.59,796.24,778.65,12.57M,1.37%
02-01-2024,875.8,897.23,897.38,873.6,14.51M,-0.64%
03-01-2024,974.39,956,977.38,953.76,10.65M,2.86%
04-01-2024,989.2,996.92,"1,006.74",984.41,8.63M,-0.06%
07-01-2024,"1,002.05",989.75,"1,005.50",985.2,14.01M,1.24%
08-01-2024,"1,144.40","1,167.00","1,176.00","1,136.50",14.38M,-1.06%
10-01-2024,965.2,976.9,984.5,958.9,10.09M,-0.97%
11-01-2024,843.45,847.95,847.95,840,2.90M,1.13%
15-01-2024,809.95,817.48,817.88,807.81,4.84M,-0.49%
16-01-2024,816.33,809.95,824.46,809.95,10.16M,0.79%
17-01-2024,803.07,808.51,811.2,801.53,7.90M,-1.62%
18-01-2024,816.53,804.52,820.42,794.55,11.50M,1.68%
19-01-2024,821.02,821.32,823.46,816.98,5.71M,0.55%
20-01-2024,818.9,826,827,817.05,2.84M,-0.26%
23-01-2024,797.99,822.36,825.05,793.85,9.44M,-2.55%
24-01-2024,808.41,799.93,809.5,786.08,7.22M,1.31%
25-01-2024,809.35,811.5,811.65,797.84,10.11M,0.12%
29-01-2024,838.41,809.35,841.2,808.55,12.82M,3.59%
30-01-2024,856.21,840.41,883.22,840.26,19.73M,2.12%
31-01-2024,881.48,862.54,893.74,862.54,24.56M,2.95%
01-02-2024,781.99,798.04,801.53,776.6,13.79M,-0.78%
02-02-2024,876.05,883.28,892.99,874.15,13.00M,0.03%
03-02-2024,988.35,985.15,992.6,981.6,1.78M,1.43%
04-02-2024,"1,001.56",995.93,"1,004.90",990.34,8.00M,1.25%
05-02-2024,"1,024.64","1,016.86","1,026.83","1,008.44",12.70M,1.97%
07-02-2024,981.3,"1,004.05","1,005.00",979.1,12.28M,-2.07%
08-02-2024,"1,096.65","1,120.00","1,120.00","1,090.05",21.97M,-4.17%
09-02-2024,"1,092.65","1,105.00","1,105.00","1,087.35",8.12M,-1.68%
13-02-2024,904.11,908.8,916.27,891.25,8.57M,-0.52%
14-02-2024,915.47,897.23,917.12,891.6,6.57M,1.26%
15-02-2024,917.72,920.86,924.15,913.53,6.43M,0.25%
16-02-2024,935.71,922.16,945.88,921.26,12.83M,1.96%
19-02-2024,929.73,940.05,940.05,928.19,4.63M,-0.64%
20-02-2024,923.5,931.58,931.78,917.57,4.73M,-0.67%
21-02-2024,918.22,923.5,934.32,913.68,6.01M,-0.57%
22-02-2024,929.43,921.81,930.98,911.79,6.44M,1.22%
23-02-2024,934.52,930.23,936.91,926.54,7.05M,0.55%
26-02-2024,934.07,934.22,942.09,927.84,5.60M,-0.05%
27-02-2024,959.74,933.87,962.03,932.62,12.81M,2.75%
28-02-2024,955.1,963.18,973,947.38,15.22M,-0.48%
29-02-2024,947.28,956.05,956.3,940,10.35M,-0.82%
01-03-2024,779.05,783.63,787.57,773.86,8.56M,-0.38%
04-03-2024,"1,006.05","1,000.91","1,011.33",989.5,8.04M,0.45%
05-03-2024,"1,010.28","1,034.81","1,037.00",992.94,11.87M,-1.40%
06-03-2024,947.53,960.04,960.04,931.13,12.31M,2.97%
07-03-2024,975.65,984.95,987.35,973.5,7.35M,-0.58%
09-03-2024,"1,085.10","1,097.60","1,100.00","1,082.20",5.09M,-0.69%
10-03-2024,925.7,939,950.15,925,24.42M,-4.09%
13-03-2024,970.21,"1,015.87","1,017.86",960.59,16.56M,-4.26%
14-03-2024,964.77,961.98,978.98,952.46,22.93M,-0.56%
15-03-2024,942.94,965.42,976.74,937.11,23.39M,-2.26%
18-03-2024,969.46,942.94,971.8,933.77,12.12M,2.81%
19-03-2024,954.8,965.57,967.61,948.67,9.48M,-1.51%
20-03-2024,937.56,957.94,962.18,918.37,13.90M,-1.81%
21-03-2024,961.93,948.08,966.27,943.09,11.07M,2.60%
22-03-2024,976.79,961.93,983.17,947.43,13.64M,1.54%
26-03-2024,983.17,973.99,991.94,973,9.46M,0.65%
27-03-2024,975.64,988.55,991.94,973.7,6.64M,-0.77%
28-03-2024,989.75,979.48,996.82,975.99,9.86M,1.45%
01-04-2024,793.3,795.54,799.33,788.87,14.30M,1.83%
03-04-2024,984.16,990.2,991.94,977.09,6.08M,-0.42%
04-04-2024,"1,008.49","1,012.88","1,013.87",995.08,9.14M,0.24%
06-04-2024,901.12,945.08,945.08,852.77,26.55M,-4.90%
07-04-2024,998.2,984,"1,004.00",979.6,12.14M,2.31%
09-04-2024,"1,080.45","1,079.00","1,085.00","1,072.10",4.67M,-0.43%
10-04-2024,930.75,930,949.2,920,19.19M,0.55%
11-04-2024,824.1,840,844.45,814.5,15.51M,-2.29%
15-04-2024,995.73,995.03,"1,003.85",975.49,12.63M,-1.93%
16-04-2024,989.75,986.96,"1,001.81",979.08,9.57M,-0.60%
18-04-2024,968.36,993.28,"1,000.01",963.28,13.54M,-2.16%
19-04-2024,960.24,961.03,964.97,941.1,15.38M,-0.84%
22-04-2024,970.55,975.74,975.74,963.03,7.19M,1.07%
23-04-2024,983.72,973,991.44,971.05,7.99M,1.36%
24-04-2024,988.6,989.35,992.84,984.96,4.67M,0.50%
25-04-2024,998.17,989.45,"1,000.21",986.46,8.37M,0.97%
26-04-2024,996.43,"1,004.70","1,005.85",993.53,7.94M,-0.17%
29-04-2024,997.52,999.97,"1,002.66",995.93,4.76M,0.11%
30-04-2024,"1,004.80","1,001.91","1,016.31",994.43,9.05M,0.73%
01-05-2024,788.52,796.54,803.42,784.68,11.09M,-0.60%
02-05-2024,923.95,931.13,947.08,912.53,38.69M,5.47%
03-05-2024,"1,018.76","1,023.84","1,062.32","1,002.26",59.81M,3.52%
04-05-2024,"1,004.00","1,008.49","1,009.39","1,001.31",4.52M,-0.44%
06-05-2024,927.09,922.1,930.88,887.26,13.75M,2.88%
07-05-2024,993.65,"1,005.00","1,006.60",989.95,9.05M,-0.46%
08-05-2024,"1,016.45","1,059.95","1,065.00","1,014.05",26.65M,-7.31%
09-05-2024,"1,069.15","1,081.00","1,085.85","1,066.95",7.90M,-1.05%
11-05-2024,835.65,821.5,843.6,820.4,10.22M,1.40%
13-05-2024,956.8,"1,001.91","1,005.60",944.29,58.97M,-8.30%
14-05-2024,961.68,962.13,965.02,950.32,16.33M,0.51%
15-05-2024,944.39,967.96,969.96,942.19,19.67M,-1.80%
16-05-2024,933.52,950.27,951.46,916.17,31.24M,-1.15%
17-05-2024,942.79,941.1,950.47,938.1,13.21M,0.99%
18-05-2024,953.95,950,958,947,1.93M,1.18%
21-05-2024,948.37,951.07,953.71,945.78,10.06M,-0.58%
22-05-2024,944.59,949.07,951.96,939.65,9.50M,-0.40%
23-05-2024,959.39,947.08,960.49,942.14,11.21M,1.57%
24-05-2024,957.59,959.54,967.96,955.05,9.59M,-0.19%
27-05-2024,955.55,961.93,963.48,949.07,6.92M,-0.21%
28-05-2024,944.64,956.05,958.94,943.09,6.62M,-1.14%
29-05-2024,940.7,944.04,947.58,935.91,8.18M,-0.42%
30-05-2024,921.11,940.6,948.52,918.17,10.17M,-2.08%
31-05-2024,920.16,928.78,934.37,917.27,14.29M,-0.10%
02-06-2024,936.66,933.52,938.41,925.54,12.71M,1.38%
03-06-2024,"1,014.52","1,021.85","1,027.48","1,005.90",14.21M,-0.42%
05-06-2024,"1,013.07","1,011.88","1,016.66","1,001.91",5.72M,0.28%
06-06-2024,935.36,937.11,943.09,928.34,11.79M,0.89%
08-06-2024,"1,013.75","1,030.00","1,060.65","1,008.40",16.73M,-0.27%
09-06-2024,"1,049.35","1,068.80","1,072.95","1,040.50",8.72M,-1.85%
11-06-2024,839.7,843.9,843.9,826,10.58M,0.48%
13-06-2024,985.85,"1,002.00","1,002.00",980.75,12.16M,-0.29%
14-06-2024,993.4,990,997.25,981.4,11.59M,0.77%
18-06-2024,985.9,"1,000.00","1,003.55",984,9.85M,-0.75%
19-06-2024,977.35,990,994.9,975.15,7.61M,-0.87%
20-06-2024,978.25,980,988.4,976.35,7.30M,0.09%
21-06-2024,961.8,979,980.9,958.1,14.30M,-1.68%
24-06-2024,958.05,960.9,963.5,950.05,6.66M,-0.39%
25-06-2024,955,960,962.85,949.3,7.30M,-0.32%
26-06-2024,951.85,956,962.5,950.1,6.91M,-0.33%
27-06-2024,972.1,952.5,974.85,948.05,19.39M,2.13%
28-06-2024,989.75,975,998.5,972.55,23.03M,1.82%
02-07-2024,930.93,941.1,941.1,925.2,7.91M,-0.61%
03-07-2024,"1,036.10","1,021.85","1,043.78","1,010.93",16.88M,2.13%
05-07-2024,985.51,"1,013.07","1,014.82",979.03,8.88M,-2.72%
06-07-2024,967.52,937.11,970.01,932.37,15.58M,3.44%
08-07-2024,"1,025.30","1,036.05","1,040.20","1,015.05",9.98M,1.14%
10-07-2024,927.85,942,944.45,915,11.77M,-0.31%
11-07-2024,819.75,841,842.75,817.3,13.24M,-2.38%
15-07-2024,"1,024.45","1,021.35","1,029.80","1,017.30",5.85M,0.76%
16-07-2024,"1,021.15","1,025.50","1,029.60","1,019.20",4.82M,-0.32%
18-07-2024,"1,024.55","1,022.95","1,027.00","1,008.00",8.01M,0.33%
19-07-2024,990,"1,024.00","1,024.00",986.65,7.40M,-3.37%
22-07-2024,"1,003.15",990,"1,008.00",976.55,7.40M,1.33%
23-07-2024,"1,001.80","1,007.90","1,008.65",967.2,10.38M,-0.13%
24-07-2024,"1,027.70",997.8,"1,034.25",995.15,11.47M,2.59%
25-07-2024,"1,090.95","1,029.00","1,094.00","1,024.35",32.77M,6.15%
26-07-2024,"1,118.30","1,111.95","1,120.50","1,083.60",21.23M,2.51%
29-07-2024,"1,124.00","1,124.00","1,139.90","1,118.60",11.85M,0.51%
30-07-2024,"1,161.85","1,125.80","1,179.00","1,118.60",28.59M,3.37%
31-07-2024,"1,156.65","1,164.00","1,167.90","1,145.30",10.86M,-0.45%
01-08-2024,786.67,795.94,797.89,785.08,7.67M,-0.23%
02-08-2024,921.46,934.12,936.81,915.97,11.58M,-1.02%
04-08-2024,"1,010.08","1,006.94","1,013.27","1,000.91",5.19M,0.61%
05-08-2024,"1,008.99",983.91,"1,011.88",973.99,7.52M,2.38%
07-08-2024,"1,002.60","1,005.00","1,016.60",996.2,13.31M,0.90%
08-08-2024,"1,041.75","1,034.95","1,056.40","1,027.00",19.53M,1.60%
10-08-2024,919.8,916,924.8,893.85,21.18M,-0.87%
11-08-2024,805.45,821.95,822,801.1,16.07M,-1.74%
13-08-2024,"1,053.45","1,074.85","1,075.50","1,048.20",7.51M,-2.11%
14-08-2024,"1,062.35","1,057.00","1,067.05","1,047.00",8.21M,0.84%
16-08-2024,"1,098.35","1,072.00","1,099.95","1,070.00",11.44M,3.39%
19-08-2024,"1,087.70","1,105.90","1,107.00","1,085.00",6.91M,-0.97%
20-08-2024,"1,086.90","1,097.00","1,098.05","1,082.05",5.63M,-0.07%
21-08-2024,"1,085.20","1,089.00","1,095.30","1,083.30",4.87M,-0.16%
22-08-2024,"1,068.45","1,090.00","1,094.75","1,064.95",9.38M,-1.54%
23-08-2024,"1,085.15","1,073.00","1,092.60","1,071.00",10.18M,1.56%
26-08-2024,"1,092.40","1,089.00","1,103.35","1,082.85",9.42M,0.67%
27-08-2024,"1,077.25","1,093.05","1,096.65","1,075.00",8.81M,-1.39%
28-08-2024,"1,074.55","1,082.95","1,088.70","1,070.10",8.15M,-0.25%
29-08-2024,"1,121.65","1,079.05","1,142.00","1,066.00",40.66M,4.38%
30-08-2024,"1,111.35","1,113.95","1,115.00","1,097.45",17.65M,-0.92%
01-09-2024,797.34,797.49,806.71,790.71,12.87M,1.36%
02-09-2024,912.18,923.15,924.55,903.26,7.90M,-1.01%
04-09-2024,"1,005.40","1,017.86","1,026.33","1,001.91",8.54M,-0.46%
05-09-2024,"1,027.13","1,007.89","1,039.99","1,004.20",19.19M,1.80%
07-09-2024,"1,014.95","1,000.95","1,017.00",998.1,10.95M,1.23%
08-09-2024,"1,068.10","1,055.00","1,082.95","1,052.05",15.44M,2.53%
09-09-2024,"1,038.70","1,049.35","1,049.95","1,026.25",7.21M,-1.01%
10-09-2024,939.15,926.8,948.45,925.5,11.56M,2.10%
13-09-2024,992.1,994.9,"1,006.00",988,13.20M,0.60%
16-09-2024,988.4,997,999.9,984.5,5.84M,-0.37%
17-09-2024,974.95,995,995,960,44.52M,-1.36%
18-09-2024,962.05,978.2,983.7,957.15,12.04M,-1.32%
19-09-2024,967,970.4,978.95,956.35,13.47M,0.51%
20-09-2024,970.85,967,977.5,949.2,16.76M,0.40%
23-09-2024,971.8,973.5,979.2,966.05,10.25M,0.10%
24-09-2024,977.3,974,985,972.6,12.76M,0.57%
25-09-2024,963.6,982.4,982.5,959.25,12.96M,-1.40%
26-09-2024,993.15,970.8,994.95,965.6,21.64M,3.07%
27-09-2024,993,996,"1,000.40",989.15,10.36M,-0.02%
30-09-2024,974.65,993,996.95,971.8,12.23M,-1.85%
01-10-2024,805.96,797.54,808.51,790.21,9.98M,1.08%
04-10-2024,"1,010.38","1,009.14","1,017.86","1,006.89",4.55M,0.50%
05-10-2024,"1,043.43","1,033.81","1,047.12","1,027.23",13.38M,1.59%
06-10-2024,972.15,973.99,981.87,966.12,9.26M,0.48%
07-10-2024,"1,005.50","1,015.00","1,019.85",986.05,13.41M,-0.93%
09-10-2024,"1,035.80","1,049.00","1,049.00","1,032.20",6.92M,-0.28%
10-10-2024,928.5,933.75,943.6,912.35,13.25M,-1.13%
14-10-2024,928.25,930,940,925.35,5.74M,-0.26%
15-10-2024,917.3,932.95,935.35,913,9.06M,-1.18%
16-10-2024,907.45,917.05,923,900,10.30M,-1.07%
17-10-2024,891.6,914.95,914.95,890.05,13.86M,-1.75%
18-10-2024,910.15,894.3,917.7,886.8,11.53M,2.08%
21-10-2024,903.3,912.05,917.65,898.1,7.39M,-0.75%
22-10-2024,879.5,905,906.1,875.25,13.62M,-2.63%
23-10-2024,877.65,879,885.6,863.3,10.55M,-0.21%
24-10-2024,880,875.25,890,875.25,7.23M,0.27%
25-10-2024,864.3,883.9,885.75,857.3,10.87M,-1.78%
28-10-2024,878.45,867.85,886.75,860.2,7.11M,1.64%
29-10-2024,842.75,880.25,882.5,825.7,26.82M,-4.06%
30-10-2024,840.2,846,853.6,838.05,12.93M,-0.30%
31-10-2024,834.05,843.85,843.85,831.85,11.90M,-0.73%
01-11-2024,813.14,811,814.98,805.96,11.08M,0.89%
03-11-2024,"1,024.84","1,031.57","1,032.76","1,017.86",7.50M,-1.09%
06-11-2024,987.1,973.8,992.55,966.65,14.83M,1.54%
07-11-2024,"1,020.80","1,008.00","1,025.50","1,007.05",11.98M,1.52%
09-11-2024,976.3,"1,000.00","1,011.55",971.25,36.14M,-5.74%
10-11-2024,930.7,932,937,928.5,4.46M,0.24%
11-11-2024,804.7,801,831.45,792,27.59M,-0.09%
13-11-2024,786.25,787,792.65,775.55,14.67M,0.18%
14-11-2024,774.3,786.6,792,772,11.74M,-1.52%
01-12-2024,813.94,815.63,816.03,806.66,7.66M,0.10%
02-12-2024,908.8,913.28,922.16,905.21,7.29M,-0.37%
03-12-2024,"1,013.37","1,024.64","1,033.81","1,008.19",8.76M,-1.12%
04-12-2024,"1,015.37","1,010.88","1,025.83","1,010.38",11.58M,0.49%
06-12-2024,988.7,994.5,"1,010.25",987,17.53M,0.16%
07-12-2024,"1,016.75","1,023.85","1,025.90","1,015.00",7.34M,-0.40%
08-12-2024,"1,076.15","1,065.00","1,079.90","1,055.00",11.31M,0.75%
09-12-2024,986.15,976.3,988,958,25.68M,1.01%
11-12-2024,784.85,806,813.1,783.05,16.53M,-2.47%
