CGPA,GRE,TOEFL,Research,Projects,Internships,Admit
2.749080237694725,326,108,0,0,1,1
3.9014286128198323,291,107,0,0,0,1
3.46398788362281,295,114,0,0,1,1
3.197316968394073,303,87,0,3,1,1
2.312037280884873,298,95,0,2,1,1
2.3119890406724055,287,115,0,0,0,1
2.116167224336399,310,109,1,0,1,1
3.73235229154987,300,97,2,0,1,1
3.2022300234864174,296,81,1,2,1,1
3.416145155592091,302,92,0,3,0,1
2.041168988591605,316,83,0,1,1,1
3.9398197043239884,333,105,2,3,1,1
3.6648852816008435,295,104,1,0,1,1
2.4246782213565523,285,109,2,3,0,1
2.3636499344142012,287,90,1,3,1,1
2.3668090197068676,304,86,0,1,1,1
2.6084844859190754,297,110,2,2,1,1
3.049512863264476,304,89,2,2,0,1
2.8638900372842313,291,118,0,3,1,1
2.582458280396084,294,92,2,3,1,1
3.223705789444759,338,110,1,2,1,1
2.278987721304084,305,86,1,2,0,1
2.5842892970704363,320,115,1,1,0,1
2.7327236865873834,324,99,1,0,1,1
2.912139968434072,305,83,0,3,0,1
3.570351922786027,326,86,2,2,0,1
2.3993475643167193,311,80,1,3,0,1
3.0284688768272234,289,92,0,3,1,1
3.184829137724085,295,101,2,2,1,1
2.0929008254399957,286,100,2,1,0,1
3.2150897038028767,296,101,0,3,0,1
2.341048247374583,302,107,0,1,0,1
2.130103185970559,305,88,1,2,1,1
3.8977710745066663,300,105,2,0,1,1
3.9312640661491187,301,88,2,0,0,1
3.6167946962329225,337,94,0,3,0,1
2.609227538346741,286,89,2,2,0,1
2.1953442280127677,293,103,1,1,0,1
3.3684660530243136,294,87,2,3,1,1
2.8803049874792026,332,103,0,2,0,1
2.2440764696895577,286,95,0,2,1,1
2.9903538202225404,288,105,1,1,0,1
2.068777042230437,330,106,1,3,0,1
3.818640804157564,327,116,2,2,0,1
2.517559963200034,287,83,2,2,0,1
3.325044568707964,329,103,0,2,0,1
2.623422152178822,338,98,1,1,1,1
3.0401360423556216,302,115,1,3,0,1
3.0934205586865593,308,118,1,3,0,1
2.3697089110510543,297,89,2,3,0,1
3.939169255529117,310,104,1,3,1,1
3.550265646722229,309,97,0,0,1,1
3.8789978831283785,331,98,0,0,1,1
3.789654700855298,318,115,2,3,1,1
3.19579995762217,314,89,2,1,0,1
3.8437484700462337,297,112,1,0,0,1
2.176985004103839,338,84,2,2,0,1
2.3919657248382906,321,114,0,0,1,1
2.090454577821076,318,113,1,2,0,1
2.650660661526529,296,112,0,3,0,1
2.7773545793789642,293,100,1,0,1,1
2.5426980635477916,310,96,2,1,1,1
3.6574750183038587,303,101,1,0,1,1
2.713506653387179,314,116,1,0,0,1
2.5618690193747615,323,94,0,0,0,1
3.085392166316497,339,114,0,3,1,1
2.2818484499495253,324,107,1,1,0,1
3.6043939615080793,313,86,2,0,1,1
2.1491012873595414,282,111,2,1,1,1
3.9737738732010346,316,90,0,3,0,1
3.544489538593315,322,89,2,2,1,1
2.397431363068345,319,88,0,0,1,1
2.011044234247205,305,93,2,1,1,1
3.6309228569096685,334,92,1,1,0,1
3.4137146876952342,302,104,0,3,1,1
3.4580143360819746,323,81,0,0,1,1
3.5425406933718913,318,114,1,2,1,1
2.148089303468181,294,86,0,1,1,1
2.7169314570885454,335,100,2,0,1,1
2.2317381190502594,328,97,2,2,1,1
3.7262068517511873,283,82,0,1,1,1
3.246596253655116,308,118,2,1,0,1
2.6617960497052984,301,90,0,2,0,1
2.1271167005720475,304,118,1,2,1,1
2.6219646434313244,292,103,0,3,0,1
2.650366644053494,297,98,1,0,0,1
3.459212356676128,312,83,2,0,1,1
3.2751149427104265,295,105,1,3,0,1
3.774425485152653,324,117,2,1,1,1
2.944429850323899,321,111,0,2,1,1
2.2391884918766034,323,118,2,2,1,1
3.42648957444599,281,115,0,2,1,1
3.521570097233795,334,119,0,1,1,1
3.1225543951389927,314,116,1,2,0,1
3.541934359909122,321,112,1,2,1,1
2.9875911927287815,313,115,1,3,0,1
3.0454656587639883,309,82,1,1,1,1
2.855082036717099,338,88,2,0,1,1
2.05083825348819,334,87,2,3,1,1
2.215782853986609,292,112,2,3,0,1
2.0628583713734683,292,85,0,0,1,1
3.272820822527561,297,118,2,3,1,1
2.6287119621526536,311,83,2,1,1,1
3.0171413823294055,311,92,2,2,1,1
3.8151329478521863,314,81,1,1,0,1
2.49858445829775,338,84,2,0,1,1
2.8207658460712595,318,106,0,0,0,1
3.5111022770860973,325,111,1,3,1,1
2.457596330983245,331,100,0,1,0,1
2.1539598196575858,308,87,2,1,0,1
2.5795029058275363,328,117,1,0,1,1
2.322442574508009,308,87,0,1,1,1
3.859395304685146,332,82,2,0,0,1
3.616240759128834,323,82,0,1,1,1
3.266807513020847,336,101,0,1,1,1
3.7429211803754354,295,85,0,1,1,1
3.6073441537982287,335,81,2,0,0,1
2.3731401177720715,323,102,2,3,1,1
3.7851179969799555,326,81,0,1,1,1
3.078684483831301,336,117,1,0,1,1
3.6148803103281253,289,96,1,0,0,1
3.7921825998469867,309,114,2,1,1,1
2.6360069499437278,304,113,2,1,0,1
2.2201038490553535,318,102,2,3,1,1
2.4558703250838834,299,109,2,0,0,1
2.8542155772525124,284,87,2,0,1,1
3.6360295318449865,280,101,1,2,1,1
3.721461166512687,309,115,2,0,0,1
2.0139042610623816,328,84,0,3,0,1
3.0214946051551315,282,92,0,2,0,1
2.834822006297558,324,108,1,2,1,1
2.4442156209414607,293,110,0,2,1,1
2.239730734667366,335,95,1,1,1,1
2.675230342807256,309,109,1,1,1,1
3.8858194078250383,329,95,0,0,0,1
2.6464058640415105,283,91,2,2,1,1
3.0375812434867324,297,96,0,3,1,1
3.4060379177903557,316,95,0,1,1,1
2.727259204758588,304,91,1,3,1,1
3.9435641654419213,327,87,0,3,1,1
3.9248945898842225,280,99,1,1,1,1
2.5035645916507283,332,82,2,1,1,1
2.994497011784771,325,95,2,1,0,1
2.601756619633539,294,109,2,1,1,1
2.5696809887549352,288,102,0,2,1,1
2.0737738947090656,294,107,1,2,1,1
3.2191286679597937,328,119,2,2,1,1
3.005358046457723,336,84,1,2,0,1
2.1029575024999785,303,99,1,0,0,1
2.557292928473223,283,119,2,2,0,1
3.8165317719333074,291,80,2,1,0,1
2.4791237813339446,338,109,1,3,0,1
2.289789744182446,337,100,2,2,0,1
2.9789055205551263,316,99,1,0,1,1
3.9713009082212016,316,85,1,1,0,1
2.484110543023001,322,101,2,3,0,1
3.344271094811757,339,97,0,3,1,1
3.523239230657435,285,87,2,2,0,1
2.4752750879847993,318,118,0,3,1,1
3.456432697223719,335,111,1,2,1,1
2.7355662654385062,325,112,1,2,0,1
3.2646116611871587,303,95,0,1,1,1
3.2670594215217896,290,91,1,1,0,1
3.071549368149517,292,117,0,0,0,1
2.1805795401088166,313,113,0,1,1,1
3.670604991178476,304,93,1,1,1,1
2.6415601299434717,286,115,0,2,0,1
2.3730370207997087,331,112,2,1,1,1
2.081550283109528,283,102,2,2,1,1
3.181785886376484,338,81,1,2,0,1
3.355128723684565,287,100,1,1,0,1
2.033175657855712,299,81,0,0,1,1
3.024186116598562,308,106,0,0,0,1
2.452991550395876,333,88,0,3,0,1
3.2903455808189,332,80,0,3,0,1
2.348732858009983,330,90,2,1,0,1
3.381875476204932,324,82,2,0,0,1
2.773470692601075,325,102,1,2,0,1
3.873459977473469,289,105,0,3,0,1
2.2750418882919865,322,83,0,2,1,1
2.682132702100517,313,97,1,3,0,1
2.226947042481178,336,85,0,1,1,1
3.8493872365571256,305,114,0,0,1,1
3.754678706761962,320,101,0,3,1,1
2.515883255430311,328,94,0,0,0,1
3.319968092068358,337,101,0,2,0,1
3.6344444004024314,282,116,1,1,1,1
3.110401623198925,335,91,0,0,0,1
3.0593011567120127,285,117,1,1,1,1
2.4837045818009034,284,97,0,0,0,1
2.1862055356117986,284,114,2,2,0,1
3.7944315159066537,333,109,2,2,1,1
3.800836114326661,326,103,2,1,1,1
3.266202914546536,302,109,2,2,1,1
2.6780595820974016,328,93,1,3,0,1
2.698419149225322,288,85,1,0,1,1
3.451911357740479,314,82,0,2,0,1
3.794220519905154,299,95,2,3,0,1
3.7741728485302346,337,86,1,1,0,1
3.5597510917152477,328,93,0,3,1,1
3.2840632923085753,338,88,0,1,1,1
2.1682799299900974,321,94,1,1,1,1
2.3232574281892275,314,100,2,0,0,1
3.7971083770541583,329,114,0,0,0,1
3.21285811931918,297,81,2,3,1,1
2.018394103233259,296,106,2,0,0,1
2.2029430857320644,303,81,2,0,0,1
3.3270035382161116,282,114,0,0,1,1
2.0101231676924374,311,97,2,3,1,1
2.321616102834997,314,93,0,2,1,1
3.0974675787331725,317,99,2,0,0,1
3.3837903953853865,292,97,0,0,0,1
3.303922519005201,335,89,2,3,0,1
2.44853861892112,326,104,1,2,0,1
3.4243584426950715,304,81,2,0,0,1
2.4744981749936,288,104,2,1,1,1
2.6507993963185355,283,112,0,3,0,1
3.4929828102360485,293,115,0,0,0,1
3.2992657980944293,316,110,2,0,0,1
3.698446820988356,313,93,1,1,1,1
3.3152257846006865,290,80,1,1,1,1
3.1366172066709432,320,95,0,3,1,1
2.187349535656185,335,82,1,3,0,1
2.7354316061188673,282,114,2,1,1,1
2.530404735363451,338,85,0,3,1,1
2.487979286758167,307,104,2,1,1,1
3.9460211095048914,308,92,0,0,0,1
2.786195449333521,288,113,0,1,1,1
3.7840931103542266,282,87,0,1,0,1
3.262277251994526,304,100,0,2,0,1
3.589622607083297,313,113,1,1,1,1
3.005274186210384,291,83,2,1,0,1
3.153807769252718,321,104,2,2,1,1
2.985035387637728,288,94,2,3,0,1
2.390485975596089,294,83,0,2,1,1
3.4449042305230106,319,91,1,0,1,1
2.5615447248817116,304,111,2,2,1,1
2.0486319328629077,284,111,1,0,0,1
3.290944591814336,290,107,0,3,1,1
2.354221358814098,338,92,2,2,0,1
3.8809171687058286,313,110,1,2,1,1
3.9078571540051747,303,93,0,3,0,1
3.829728780440897,339,99,1,0,0,1
2.7403174005108886,294,97,2,2,1,1
2.030913233057735,317,108,2,0,1,1
3.8566371251754505,287,85,0,2,1,1
2.8563682966346287,338,111,0,1,1,1
3.933309638087339,284,108,0,2,1,1
3.9272399541785057,327,81,1,3,0,1
3.70601891093472,305,102,1,3,1,1
2.5888977841391716,297,98,1,0,1,1
2.7701954572038505,285,110,0,2,0,1
3.702273343033714,316,84,2,0,1,1
2.633844010312555,339,98,2,0,1,1
2.338985493372185,327,113,1,1,0,1
3.1136025249167005,292,89,1,1,1,1
3.872309548321562,307,104,2,3,1,1
3.392059593349946,284,81,2,0,1,1
3.14012234017873,292,90,1,3,0,1
2.194352987541537,296,110,1,2,1,1
3.2300144533983395,329,94,2,0,0,1
3.9801077002085266,319,88,0,0,1,1
2.280168030473048,324,102,1,2,0,1
3.0366593047274737,311,98,2,2,1,1
3.754746143855911,308,88,2,3,0,1
3.4815372355084087,330,114,2,3,0,1
3.394031481990536,337,100,2,2,0,1
3.4049681679742188,282,88,0,3,0,1
2.7189823024395103,335,107,2,2,0,1
2.5871836885289867,319,86,1,0,0,1
3.6187223109570272,313,95,0,0,1,1
3.6202267893583615,319,95,2,1,1,1
3.7341446371602074,306,112,0,0,0,1
3.8264811051129426,292,83,1,2,0,1
3.0226847977218756,324,83,2,3,0,1
3.003032589374399,312,118,1,1,0,1
3.5965903579335503,285,119,2,3,1,1
3.2999278615555303,303,96,2,2,0,1
3.403933754515407,298,116,2,0,1,1
3.591585338872202,295,118,2,1,1,1
3.7800106836351324,319,108,2,2,0,1
2.6759903137030716,307,115,0,1,0,1
2.751165905279888,312,117,2,1,1,1
2.187963879681738,338,118,2,0,1,1
3.156560281992348,338,116,0,2,0,1
2.071884547593484,327,114,0,3,0,1
2.9311960362649203,320,86,0,1,0,1
3.0852892694151532,292,106,0,1,1,1
2.573082504256569,322,107,0,3,1,1
3.1816665211380215,324,101,0,2,0,1
2.061000499878099,304,93,2,1,1,1
2.074696377498429,332,86,2,1,1,1
3.6452011213193165,321,116,1,1,0,1
2.720381282822526,315,101,2,2,0,1
2.2541210253037693,306,84,2,2,1,1
3.0444865201096087,317,81,0,3,1,1
3.5399871061972217,339,106,0,2,0,1
2.431642054993686,286,100,2,2,0,1
3.2457809516380003,284,117,1,0,0,1
2.170694929987536,322,94,0,3,0,1
2.1033634423372156,324,100,2,1,0,1
3.0627092631362958,337,89,2,2,1,1
3.081270243220213,336,102,1,1,1,1
3.274859802996413,330,118,1,1,1,1
3.452182667445323,310,84,0,0,1,1
3.951704158925069,302,80,1,2,0,1
3.0326006966023904,321,92,2,3,0,1
2.645912945882492,289,100,2,2,0,1
3.590372389537407,311,105,1,1,1,1
2.5416645025241484,322,100,1,3,1,1
2.877942841411272,332,97,1,2,1,1
2.1569127626845317,309,116,1,1,0,1
2.0507014868309152,318,111,0,1,1,1
3.92529682935585,310,115,1,0,0,1
3.6719602410244114,297,96,0,0,0,1
3.391948412187396,315,114,2,0,0,1
2.8179058888285398,281,90,1,1,0,1
2.3465886401416913,293,100,0,2,0,1
2.3128740853421723,292,105,1,0,0,1
2.5004857963291904,308,83,2,2,1,1
3.0984533294122407,291,113,2,0,0,1
3.4291918454001244,318,97,2,3,0,1
3.3203947534354628,281,119,1,3,1,1
2.5598677938918857,311,114,1,0,0,1
3.909730561326388,292,108,0,1,1,1
3.475793833391537,325,108,2,0,1,1
3.108708105022801,306,117,1,0,1,1
3.2234414924687043,328,100,2,1,0,1
2.83920012485558,320,92,2,3,0,1
2.495461979002315,296,96,0,2,1,1
2.711945357302523,319,88,0,0,0,1
3.515692220928738,310,80,0,1,0,1
2.0287869772595117,313,81,0,0,1,1
2.2321452810138327,339,108,2,1,1,1
2.0920052840435055,303,112,0,2,0,1
2.08145760463794,324,89,0,2,1,1
3.7109211680220144,314,119,0,3,1,1
3.4073157187600476,327,100,0,1,1,1
2.9483476581746504,285,107,2,1,0,1
2.195668321302003,298,90,0,3,0,1
2.9832317502336645,309,113,2,3,0,1
2.946943541561131,286,87,1,1,1,1
2.3464037398200306,289,101,2,3,0,1
2.867703298475946,320,87,2,2,1,1
2.797009468794747,311,94,0,0,0,1
3.231700196104433,313,96,1,2,0,1
3.2701873017352874,307,102,1,3,1,1
2.090608019544089,339,103,1,1,0,1
2.7492252292529424,294,98,1,1,1,1
3.2517198314284728,309,84,2,2,0,1
3.006272517160175,316,111,1,1,0,1
3.7129796823766448,308,80,2,3,1,1
3.3173872632378902,301,102,2,2,1,1
2.3258688541628594,283,116,2,1,1,1
2.1411374948008595,299,87,1,0,0,1
3.2848385564126312,311,92,0,0,0,1
2.053022621083244,315,87,0,3,0,1
3.1715511625469266,329,102,1,1,1,1
3.880460482849915,283,80,0,3,1,1
3.150948355751758,306,103,0,2,1,1
2.776339852413044,296,114,2,0,0,1
3.2865764368847064,291,103,2,2,0,1
2.9165057809830333,301,96,1,1,1,1
3.09123357863187,296,84,1,3,0,1
3.8829296175530503,289,99,0,3,1,1
2.7722052756015483,333,100,2,3,0,1
3.9223811276478284,280,119,1,2,0,1
3.8107012839121275,301,110,1,0,1,1
2.391582269578593,305,115,1,2,0,1
2.138722601750331,335,90,1,2,0,1
2.2015560027548533,338,94,1,1,1,1
2.0364436513030997,297,98,1,1,1,1
2.188885921511857,329,86,0,1,0,1
3.366013546832714,293,107,2,0,1,1
2.1423772969204578,326,84,2,0,0,1
2.6379512605875224,308,84,1,1,1,1
3.6897506219389093,291,109,2,1,0,1
2.046543871471652,315,111,2,0,0,1
3.6289369651778713,338,87,2,3,1,1
2.5637095495468,314,89,1,0,0,1
2.2363296552433125,331,117,1,0,0,1
3.393474330728301,291,111,2,0,1,1
3.2578856935597678,286,107,2,1,1,1
3.7549440270541057,308,96,1,3,0,1
3.4701420876077718,290,110,0,0,1,1
3.6069618607696974,312,87,2,1,1,1
2.564069145142613,285,119,0,2,0,1
2.3548790875594454,326,104,2,2,0,1
3.5012295032817167,294,88,0,0,1,1
3.6136694785345282,311,81,0,2,1,1
3.9810102840013464,330,94,0,3,1,1
2.825235353822853,290,82,1,2,0,1
2.7440361715855666,337,115,0,2,0,1
3.5528259214839935,302,83,0,3,0,1
2.6816070805060357,305,93,0,0,0,1
3.8615146512071297,313,104,2,0,0,1
3.7168255036860236,325,89,0,3,0,1
2.8579880547500367,313,100,2,3,0,1
3.5017421355829947,308,115,0,3,1,1
3.5090857481693645,283,91,0,2,1,1
2.206247737671865,296,106,1,3,0,1
3.805105813359133,314,119,2,1,0,1
3.010504744895714,292,81,0,2,0,1
3.6529149322154835,320,92,2,0,1,1
2.6400992020612235,318,111,2,0,0,1
3.791046456992401,294,110,1,0,1,1
2.778403357468326,334,95,1,2,1,1
2.0216753029605967,308,111,1,1,1,1
3.8107639528385273,308,111,1,3,1,1
2.182573353572267,290,113,1,3,1,1
2.6386272751808297,331,90,1,0,0,1
3.90012393410161,311,89,1,0,0,1
3.901214293875112,281,94,1,2,1,1
3.1468757762465724,326,96,0,1,0,1
3.2636744243395985,293,119,2,3,1,1
2.8968910439566393,299,97,1,2,1,1
2.586421543396129,301,88,1,3,0,1
2.657329090739832,290,104,2,0,0,1
3.345036912154077,306,119,0,3,0,1
3.50474905887536,282,93,2,1,0,1
3.583158087451697,296,104,2,1,0,1
3.579236285589108,323,101,1,0,1,1
2.1824122060973807,335,109,2,1,0,1
2.988840609405163,307,99,2,1,0,1
2.1151175200332886,308,100,1,2,0,1
3.099057764647471,300,111,1,3,1,1
2.883061002746754,326,100,1,0,0,1
3.7754083655165998,295,114,1,0,1,1
2.701830025104157,316,111,2,0,0,1
2.234134032855212,338,109,2,0,0,1
2.2859833641056717,299,118,0,0,1,1
3.5230212634349445,285,91,0,1,0,1
3.236436126632522,298,97,2,2,0,1
2.2022453522455807,336,100,0,0,1,1
2.168213612229995,284,92,2,2,0,1
3.40193826291824,282,100,0,2,1,1
2.145526012728387,338,87,1,1,1,1
3.6437201185807124,280,119,0,0,1,1
3.4124844543129926,337,86,1,1,1,1
2.1626975612837995,339,102,1,0,1,1
2.169675428170384,317,111,1,1,0,1
3.973279157002351,294,90,1,2,0,1
2.7485415915122404,313,101,0,0,0,1
2.7412842941337816,314,101,2,3,1,1
3.625599134515005,328,104,1,2,1,1
3.894497154767717,304,101,0,3,1,1
3.972002127645742,303,107,1,2,1,1
3.5067563705178832,291,108,0,1,0,1
2.7525191710618317,297,92,0,0,0,1
2.1670014333973375,294,97,0,2,1,1
3.5542938318548734,323,81,2,1,1,1
3.11680849947161,295,108,0,0,0,1
2.848444018493953,306,100,0,0,1,1
3.812708770189472,287,94,2,2,1,1
2.2223949646123025,339,106,2,0,1,1
2.9852502085817183,325,110,0,2,0,1
2.0227072895348384,304,94,2,0,0,1
2.9373212839882523,296,102,1,3,1,1
2.1126065513636747,308,103,1,1,0,1
2.237635832536144,332,92,2,3,1,1
2.2350524935542095,287,101,2,2,1,1
3.298420604232127,294,116,0,3,0,1
3.4920897585308466,306,112,2,2,1,1
3.166737530194319,325,82,0,0,1,1
3.924345096949084,329,98,1,0,0,1
2.7497411590474083,331,102,2,2,1,1
2.5714241725637215,286,108,0,3,1,1
3.7371982563789206,282,109,0,0,1,1
2.447191677038905,308,118,1,1,0,1
3.9264450788812226,323,104,2,0,1,1
2.0243089493796327,332,116,1,1,0,1
3.939757653415278,303,87,0,3,1,1
2.0863198239011522,339,95,0,1,1,1
3.782286227396142,337,87,2,1,1,1
3.0554022181726,282,80,0,1,1,1
3.985929592238601,299,84,2,1,0,1
2.1475931294707977,325,82,1,0,0,1
3.1077085688026416,294,80,2,1,1,1
3.938605071238198,304,83,2,0,1,1
3.0461956883402976,309,119,0,1,1,1
3.258797276270525,293,114,0,2,1,1
3.3914973779692343,286,111,2,3,1,1
2.9090821295355465,296,113,0,1,1,1
3.255116160168127,323,104,0,2,1,1
3.1686286238462005,299,89,0,1,1,1
3.802316020981978,315,100,2,1,0,1
2.090892760682916,288,118,0,1,0,1
2.5619263791844604,317,106,2,2,0,1
3.9008229681531175,327,106,0,3,1,1
3.7805275677818324,336,81,1,2,1,1
2.911313505571426,339,92,0,3,1,1
3.2402651956030732,301,88,0,1,0,1
2.554762365962265,333,115,2,0,1,1
2.3762423194475226,332,101,2,1,0,1
2.9273968098799643,332,105,0,3,1,1
2.7067044560521056,281,91,1,2,0,1
3.167312223701744,303,96,0,1,0,1
2.1554692739299695,287,93,0,2,0,1
3.948789615332333,290,93,1,2,1,1
3.9724214889592058,292,113,2,2,0,1
3.3963234280394903,296,99,0,1,1,1
3.072192732688241,287,90,2,2,1,1
2.6190552325726557,300,95,2,2,1,1
3.6275900394138976,297,110,1,1,1,1
3.3694623451077588,309,85,1,2,1,1
2.3252338786897826,297,98,2,1,0,1
3.821854368987685,325,116,0,3,1,1
3.645074485846338,326,83,2,3,1,1
3.899599826583848,310,83,0,3,1,1
3.45143901677672,317,99,0,2,1,1
3.2268303918715797,311,89,1,0,1,1
2.8364860725812377,290,103,0,0,0,1
3.8654569667080265,324,114,0,2,0,1
3.732127779000817,304,105,2,0,1,1
2.090437340212379,312,116,1,1,0,1
2.0527339489945042,339,117,0,0,0,1
2.752926733756099,317,100,0,2,1,1
3.621106661563666,320,119,1,2,0,1
3.974552258629889,287,118,2,1,1,1
2.3008337822070564,290,100,1,3,0,1
3.1882614307042703,301,89,1,2,0,1
2.7617817132620432,330,117,0,1,0,1
3.9398287956292064,303,83,0,0,1,1
3.6842378462714174,320,99,2,0,0,1
3.6766574094222757,296,96,0,1,0,1
2.9373863195899403,291,86,0,1,1,1
2.8296390046753306,336,83,1,2,1,1
2.5468141438614125,325,108,0,0,0,1
2.1127509933018542,311,93,2,1,1,1
3.7294447525101067,294,82,1,0,0,1
3.6258020182601554,295,103,2,1,0,1
3.999435346572261,333,116,1,0,1,1
3.9932736741478108,301,95,0,3,1,1
3.110863411205255,307,83,1,2,1,1
3.537974830361021,299,103,1,0,0,1
3.8895314597648563,312,113,0,3,1,1
3.6992947813548227,289,109,0,0,0,1
2.494696203486395,319,97,2,0,1,1
2.9010882706201873,311,98,2,3,0,1
2.25831883030299,329,110,0,0,1,1
3.9081020545174447,339,98,0,0,0,1
3.21234926890176,312,98,0,2,1,1
2.4572856110069257,281,101,1,3,0,1
3.3434013688117137,312,103,1,3,1,1
3.2362564809157917,312,91,1,1,1,1
2.7163254360656808,320,109,0,0,0,1
2.227115184399258,292,117,2,2,1,1
3.3431463911855994,309,110,0,0,0,1
3.0406154018075866,312,115,1,0,0,1
3.5446367834712786,292,98,1,1,1,1
3.0403270022239868,331,115,0,0,0,1
3.7043630006370805,305,109,0,2,1,1
3.1038136775489713,301,112,1,2,1,1
3.1218759430707728,318,97,1,1,0,1
3.7533072053166903,281,107,1,0,1,1
2.806965732424794,317,90,0,2,0,1
2.2680304569012817,318,112,1,0,0,1
2.057565352626678,305,96,1,0,1,1
3.5102745113472382,325,85,2,0,1,1
3.2406191027069293,337,83,0,1,0,1
3.408159536198447,329,99,2,0,0,1
2.4259283230178212,294,106,2,2,1,1
2.2727429511735395,313,94,1,0,1,1
2.029089331335764,321,85,0,2,1,1
2.701175117613194,334,93,1,0,1,1
3.179835373709266,323,90,0,2,0,1
2.7844880901994644,328,118,2,2,1,1
2.874949844047458,319,88,0,0,0,1
3.808317388987497,290,105,1,0,0,1
2.696510934046601,282,95,1,2,1,1
3.027978978319622,338,84,1,3,0,1
3.567306025482286,285,89,0,1,1,1
2.7930855646425403,288,82,2,3,0,1
3.2441734004557468,285,92,2,3,1,1
3.72472741749349,288,109,0,0,0,1
3.8990412473152842,318,85,1,1,0,1
2.294146961858076,310,96,2,3,1,1
3.853175250322989,311,98,1,0,1,1
2.9842325861590764,320,114,0,3,0,1
2.5164887765979165,329,105,1,3,0,1
2.9182715124765224,291,84,2,0,1,1
3.960065150570954,287,108,2,0,0,1
2.9852361879857394,287,116,1,0,1,1
2.657503220575016,329,99,0,1,0,1
3.2668017086334515,307,100,1,3,1,1
2.4802912375563864,299,89,0,0,0,1
2.1517266562173276,326,84,1,2,1,1
2.2577594438212985,338,115,2,3,1,1
2.2560916779155447,286,85,0,2,0,1
2.303805387024589,290,105,0,1,1,1
2.2776543452988203,299,83,0,0,0,1
3.281749489606429,295,118,2,2,1,1
2.3637601687982897,283,118,1,1,1,1
2.6913345666477264,285,114,2,0,1,1
3.7935768198120234,337,80,0,2,0,1
2.9479232805257447,301,103,1,2,1,1
3.3351154770420544,305,115,2,1,0,1
2.3446397424032597,282,85,0,0,1,1
2.3845780376173416,320,110,0,0,0,1
2.0817372325329577,339,99,2,2,0,1
2.3378701261443293,321,103,2,2,0,1
2.5571806780639172,293,104,2,2,1,1
2.3540209685534936,290,115,0,0,0,1
2.177405067514111,297,100,2,1,1,1
2.2412717422012016,333,109,0,1,0,1
2.9215575360654515,291,103,2,0,0,1
2.412667436811585,302,109,0,3,0,1
2.728539722096151,291,101,0,1,0,1
3.006834541709714,292,107,1,2,1,1
3.3807896572587306,304,86,2,3,0,1
2.078624279682198,324,114,2,3,0,1
3.5988207978180853,330,107,0,1,1,1
3.2558007789818157,337,93,0,3,0,1
2.163518063897744,298,89,0,3,0,1
3.7471572482135542,334,95,1,1,0,1
3.8417448010636264,325,95,1,1,0,1
2.1221559197097273,315,110,0,3,1,1
2.5537552962944075,324,104,2,2,1,1
3.6124025595861227,287,92,2,0,0,1
3.4965193807673165,308,85,1,3,1,1
2.3690420387127546,334,88,1,3,1,1
2.4186986466734206,332,115,0,2,0,1
2.740944205582764,334,99,2,3,1,1
2.9690459703820427,311,97,0,3,0,1
3.236509543060592,330,100,1,0,1,1
2.7378272791395446,323,83,2,0,1,1
2.925069432266296,297,112,2,0,1,1
3.494941876267513,285,106,1,1,0,1
2.073366405781196,297,86,0,1,1,1
2.5048738886880413,298,85,0,0,0,1
3.426699171769105,301,94,2,0,0,1
3.7904136753743987,316,97,1,1,1,1
3.023354884231332,311,111,2,2,0,1
3.0642269705306315,335,90,1,3,1,1
2.214344022679552,320,99,0,3,0,1
2.8948247336469093,338,103,1,0,0,1
3.065234532910046,282,94,0,2,1,1
2.4849410072694593,307,86,1,1,1,1
2.5384864618987617,289,100,2,0,1,1
2.7545683262092453,330,105,0,2,1,1
2.0401423955554527,314,93,2,2,0,1
2.6441583311663566,308,116,2,2,0,1
2.422896013993089,333,100,0,1,0,1
2.654994704355829,294,97,0,1,1,1
2.2395242636385024,312,84,2,3,0,1
3.78105456147979,286,82,2,3,1,1
3.1871849071080973,291,102,2,2,0,1
3.358204638288979,328,105,2,2,1,1
3.578342477214677,309,116,0,1,0,1
2.9968843978581146,300,103,0,3,0,1
2.1738405761748476,310,98,2,2,1,1
3.074213083637096,337,104,1,3,0,1
3.173682236041758,303,100,1,3,1,1
3.49087894836866,299,91,0,2,0,1
2.863319092459359,316,112,2,1,0,1
2.2551606055911275,283,83,2,2,1,1
2.5675518115974487,307,86,0,2,1,1
2.72616459279727,323,101,1,3,0,1
3.2918344826632024,299,112,1,2,0,1
3.1415566093378238,339,96,1,1,0,1
2.7121934517956925,303,103,0,2,0,1
3.9730304975859596,329,113,1,1,0,1
3.211549638713774,328,107,0,1,0,1
2.474453583471989,330,118,0,3,1,1
2.2035649452408075,311,101,2,0,1,1
2.305718278368664,320,96,1,0,1,1
2.491915456769016,315,113,0,3,0,1
2.321362746519111,337,85,1,2,0,1
2.3731340481026115,332,85,1,3,0,1
2.570190337387694,313,113,2,1,1,1
2.3467471905895096,315,80,1,0,1,1
3.7935308492528503,281,89,2,3,0,1
2.1604674913232844,294,100,0,2,0,1
3.0490227791405093,313,84,1,3,1,1
2.8207936539793232,315,81,0,0,1,1
3.964757233817213,285,101,1,3,1,1
2.2240778043361047,318,81,0,3,0,1
2.7957111980914835,321,89,1,0,0,1
3.9389408665507375,330,113,1,1,0,1
3.7310142517879603,330,95,1,1,1,1
3.6341441418985596,337,118,1,0,1,1
2.5158056540898794,333,101,1,3,0,1
2.341775174780132,291,91,1,0,0,1
3.337286439848862,282,103,1,1,1,1
3.858751978255172,324,119,1,2,0,1
3.11352578602786,297,117,1,3,1,1
3.1432253789397997,319,89,0,1,1,1
2.5599581873205683,300,114,2,3,0,1
3.538985866383874,294,111,1,0,1,1
2.3740874971150467,312,86,2,2,0,1
2.647358472808487,314,100,1,0,1,1
2.850872877232834,305,99,1,2,1,1
3.01522075736891,287,105,0,3,0,1
2.4848194648301605,315,83,0,3,1,1
2.229673649478407,327,101,2,0,0,1
3.221240084883265,309,94,0,2,0,1
2.5772611064805115,302,119,0,2,1,1
3.1624764428452243,321,100,2,3,0,1
2.308725430548405,323,94,0,0,0,1
2.9622802037096347,293,101,1,2,0,1
3.0651788651031717,293,107,2,3,0,1
2.103647073644854,281,93,2,1,0,1
2.6732085563878414,334,106,1,0,0,1
2.2688293538779485,316,119,0,1,1,1
2.1267499409455355,284,107,2,0,0,1
3.9799204647798905,317,105,2,3,1,1
2.644707689949446,324,81,1,2,1,1
3.6197488917092695,320,104,1,2,0,1
2.5092813095275277,333,82,0,2,1,1
3.3630054444478583,339,87,2,0,1,1
3.520455719779373,326,112,0,3,0,1
3.1912774812156885,293,114,0,1,0,1
2.9431523771003167,335,85,1,3,0,1
2.823681828294537,318,118,2,1,1,1
2.6977365330859904,304,102,2,0,1,1
3.8590582884956515,299,104,2,0,0,1
3.6612388155754583,281,98,1,1,0,1
3.930053821333025,318,84,1,1,1,1
2.2485944469710892,285,90,1,1,1,1
3.4617349504072887,296,91,1,3,1,1
3.8766809136420757,338,89,1,1,1,1
2.3624661323313205,304,87,2,0,0,1
2.132992534733555,336,103,0,0,1,1
3.482241298580118,307,107,2,2,1,1
3.148946226359824,281,115,0,1,1,1
3.683657553516544,314,116,1,3,1,1
2.279544753252579,316,100,0,3,0,1
3.5905346237197806,284,87,2,3,0,1
2.403254640095489,280,88,2,2,1,1
2.327311885731409,319,94,0,0,1,1
2.328531595861986,291,119,1,3,0,1
3.629149440462764,335,97,1,0,0,1
3.3303944413924,315,99,2,2,1,1
3.0461308495382386,324,85,0,1,1,1
2.7176609682470048,302,91,1,1,0,1
3.7544010816262166,326,81,1,1,0,1
2.7848902148452708,310,86,2,3,0,1
3.633198878943154,290,95,1,1,0,1
2.8782698171404366,289,82,0,3,0,1
2.753888858849815,282,82,2,2,0,1
2.9253595713392126,333,106,2,2,1,1
2.602755748328284,293,119,0,3,0,1
3.4952187603525022,295,117,2,0,0,1
3.0054407801849585,289,112,1,1,0,1
2.4644253902936346,308,107,1,1,0,1
3.799149146549137,289,80,0,1,1,1
2.767782442746423,291,87,1,3,1,1
3.087105722227977,309,116,0,2,0,1
3.8129442219290937,320,111,0,1,1,1
3.248475991827984,280,116,1,2,1,1
2.2337960814167284,284,83,0,1,1,1
3.87966424722695,299,109,1,1,1,1
3.2554161061428357,287,85,2,3,1,1
2.6698112293141723,322,98,2,0,1,1
2.2785441453267747,291,111,0,3,0,1
3.5880503785405917,280,88,1,1,0,1
3.240145511857027,336,91,1,1,0,1
3.0669221839526433,333,90,2,0,0,1
3.7877851661019153,299,95,2,2,0,1
3.5771944224490615,307,80,1,2,1,1
2.3033497594655024,336,100,0,1,0,1
2.6234441355910967,322,109,2,2,0,1
2.4969782796289315,316,92,0,1,1,1
3.487892585145354,326,113,0,0,1,1
2.067064869471559,316,83,2,0,0,1
3.139779369742633,291,107,0,1,1,1
3.524917371481381,316,117,0,0,1,1
3.7535312735234987,328,110,1,3,1,1
2.6841634974318147,328,106,0,3,1,1
3.6425146093440257,335,84,1,0,0,1
2.2212634739104145,323,104,2,1,1,1
3.692904583469036,335,82,2,1,0,1
2.254977324663965,307,112,1,0,0,1
2.7945745811207345,326,83,2,2,1,1
3.5945907315591072,294,104,0,3,1,1
2.2998348546975476,285,99,0,2,1,1
2.4585027904652828,323,113,0,1,0,1
3.4445051367861326,338,105,2,1,1,1
3.4400730730921487,299,84,0,2,1,1
3.2822952657705944,329,114,2,0,1,1
3.3878968889342,293,107,0,2,1,1
3.0854488866951923,281,108,1,2,1,1
2.5035981178139055,288,88,2,3,0,1
2.691391987007839,316,117,2,3,1,1
2.3631954336028516,299,85,0,2,1,1
3.8169011226672565,305,98,2,2,1,1
3.166783589532241,308,90,2,1,0,1
2.80170283352728,280,81,1,3,1,1
2.924011607288265,334,88,1,3,0,1
3.8945666792236304,314,100,0,1,0,1
2.3067028062321606,285,103,1,0,1,1
3.1724596640335943,316,113,0,3,1,1
3.011777357768932,332,101,0,3,1,1
3.222908470869296,338,82,0,0,0,1
2.036220367641681,284,91,2,3,0,1
3.744247817888303,312,107,1,3,0,1
3.864236564967225,328,109,0,0,0,1
3.130266367178418,330,105,1,0,0,1
3.3933016477537845,293,100,0,2,0,1
3.8449987623545914,291,107,1,1,1,1
3.414477268626797,321,105,1,1,1,1
2.305078085828523,299,112,0,0,0,1
3.1525767203336263,332,100,2,0,1,1
3.213430092765712,329,114,1,3,1,1
2.848261342604772,303,113,2,2,0,1
3.472888471249446,338,97,2,2,0,1
3.8687340295380297,322,90,0,0,1,1
3.8511370258135527,313,102,0,3,0,1
2.901678742808264,304,101,0,3,0,1
2.2264760916815103,329,96,1,1,1,1
3.969682397924669,308,84,0,1,0,1
3.677796172891868,336,90,0,3,1,1
2.249325362406534,318,109,1,1,1,1
3.8416837652347446,310,94,1,0,1,1
3.7397927241242566,335,106,0,3,1,1
3.037676114252144,326,114,0,1,1,1
3.1825508714898585,322,112,0,2,0,1
2.7980054077402605,329,99,0,3,0,1
2.1095232776440627,302,95,2,3,0,1
2.670394483291802,323,113,2,2,0,1
3.605706897196023,317,81,0,0,1,1
2.0092640460092057,299,114,2,2,1,1
2.6669983433822884,302,119,1,3,0,1
2.796337387181887,324,107,2,0,1,1
3.0747912058758455,331,118,2,1,0,1
3.839711232825521,295,85,0,1,0,1
2.6926919887319225,329,88,2,1,0,1
2.6939064037924556,321,99,2,3,1,1
3.4750024962194965,339,80,2,2,1,1
2.904435881779614,334,87,2,0,1,1
2.449209645879964,287,102,1,1,1,1
2.904879032265387,329,82,0,0,0,1
2.2817140407595997,300,83,0,3,1,1
2.3527739730124466,280,104,1,1,1,1
2.9967355454789595,334,117,2,3,1,1
2.837850899009096,287,94,1,2,0,1
3.8296918021362,308,100,2,3,0,1
2.7247877982332662,311,114,1,3,1,1
3.161176700556087,317,93,0,2,1,1
3.2645285758390608,284,115,0,0,1,1
2.026188913176667,326,91,0,2,1,1
3.327074744033421,301,96,2,2,0,1
2.3560719337395026,326,118,2,3,1,1
3.92214063493891,313,88,1,0,1,1
2.297325455506226,280,114,1,1,1,1
2.8292482474540472,334,92,0,2,0,1
2.1706993361572877,334,94,2,0,0,1
3.9937485036918945,305,97,1,2,1,1
3.004390020662485,322,112,2,2,1,1
3.190770034640088,289,85,2,2,1,1
2.134152954776855,309,106,0,2,1,1
3.4999209407983556,329,102,0,3,1,1
2.4198111861911715,297,106,2,0,0,1
3.7961085788814275,296,113,2,0,0,1
2.4102792809640143,305,117,2,0,0,1
2.381375441327333,287,93,2,2,1,1
2.07309933569619,326,115,0,3,0,1
2.9441338902199985,319,87,1,2,0,1
3.129682266525233,328,114,0,2,0,1
2.1314172788567047,291,98,1,0,1,1
3.551055233390021,306,109,2,2,1,1
2.9065776694960554,287,93,1,1,0,1
3.0487805386551603,304,99,0,2,1,1
2.881525493876456,325,104,0,1,0,1
2.801526121750652,283,119,2,2,0,1
3.1192806626164358,312,103,0,3,0,1
2.310480491861425,280,93,2,3,0,1
2.3638562609905422,298,105,0,0,1,1
3.7235712420270346,310,117,0,2,1,1
3.8922309242672655,295,102,2,1,1,1
2.746618632559506,293,101,1,1,1,1
2.5414893462871078,332,98,0,2,0,1
3.2879990864780315,327,82,1,1,1,1
2.817468342196193,284,98,0,3,0,1
2.0507727113206897,320,88,0,1,1,1
2.3123051947323807,305,107,0,0,1,1
3.431944457694795,307,99,0,3,1,1
3.3178478838203027,281,86,1,3,0,1
2.054191985006967,329,93,1,3,0,1
2.4439443238658987,285,88,0,2,0,1
2.462149593176143,288,98,0,2,0,1
3.343785487197457,312,93,1,3,1,1
2.039421075508728,320,117,2,2,0,1
2.208217163969148,304,115,2,1,0,1
3.599832170746379,327,119,1,2,1,1
2.3570893241086672,292,96,0,2,1,1
3.305492215703749,288,109,0,3,0,1
2.476365562093453,332,88,2,0,1,1
2.1988827855186903,292,112,2,0,0,1
2.486344381998908,310,104,1,0,1,1
3.4445338637113183,320,93,2,1,0,1
3.7113929362125715,290,90,1,2,0,1
3.660439729133983,283,114,2,0,0,1
2.79436705923691,313,93,2,3,0,1
3.3361702731412923,317,109,2,0,0,1
2.409968590831642,325,83,0,0,1,1
2.5862954605220265,283,83,0,2,0,1
3.7926716370422398,317,107,0,2,0,1
2.026003847021472,298,87,2,2,0,1
2.171017061708936,285,81,1,1,0,1
2.4157725102920544,313,101,1,1,0,1
2.053064407747639,297,95,1,0,1,1
2.3628708701795946,292,108,1,2,1,1
3.1660831219393843,320,109,0,0,0,1
2.8428491011849957,302,91,0,3,1,1
3.7853434221539497,298,114,2,3,0,1
3.634887123476882,324,90,2,2,1,1
2.683634703395752,290,100,1,2,1,1
2.518846866862585,280,100,0,3,0,1
2.759384816334534,303,84,1,2,1,1
3.1805898850296153,333,99,2,1,1,1
2.5361272816457525,286,116,2,1,0,1
3.248297815698268,304,82,1,2,0,1
2.818823304382481,300,112,2,3,1,1
3.1040943617039605,294,88,1,0,1,1
2.8722530582706334,280,88,0,2,1,1
2.588931519083835,291,83,1,2,0,1
3.8969066139243136,337,114,0,0,1,1
3.5272115883195214,286,96,0,2,1,1
2.280226351532905,294,113,2,0,1,1
3.7369359517958256,300,103,2,3,0,1
2.9748623964990273,298,111,2,1,0,1
3.789104453788183,339,80,1,3,0,1
3.5997105118946306,308,87,1,1,0,1
2.8504270089384667,304,102,2,0,1,1
2.044938616640235,312,119,1,1,0,1
2.537354718769892,328,91,2,3,1,1
3.083268429321734,311,91,1,1,1,1
3.2669564396522945,328,94,0,0,1,1
2.515775370866405,314,98,0,1,1,1
2.2787121481456483,323,105,2,2,0,1
3.6698604735985985,317,108,1,3,0,1
3.9688043614071042,305,101,1,2,0,1
3.0513803646053717,290,119,0,0,0,1
2.3433585716966068,314,100,0,1,0,1
2.544614653038738,287,117,2,2,1,1
2.0367813530949332,325,99,0,2,0,1
3.828597613120998,293,108,2,1,0,1
2.2355021657802823,289,83,0,1,0,1
3.153032951028507,281,86,0,3,0,1
2.548110441374412,325,107,1,2,1,1
3.108356005031587,288,107,0,2,1,1
3.3028407767037287,282,83,0,0,1,1
3.659483607414403,300,101,2,3,1,1
2.412842543521206,305,91,0,0,1,1
2.0219916573169607,287,82,2,2,0,1
2.2737712601376145,327,101,0,0,1,1
3.80003728369621,281,81,0,2,1,1
3.7477801551250307,285,103,2,2,1,1
3.1948262043406164,307,113,1,0,0,1
3.201033720867307,332,106,2,0,0,1
3.330073349092511,308,80,2,1,1,1
2.350742557246899,305,87,2,1,0,1
3.8288238918499196,304,102,1,1,0,1
2.8375410497841465,291,117,0,2,1,1
2.766277056498995,284,85,2,0,0,1
3.037835410565675,313,101,2,3,0,1
2.09393193355011,327,104,1,2,0,1
2.332566737512159,316,97,2,3,1,1
3.476067232852741,294,96,0,0,1,1
2.165597335850253,323,91,1,2,1,1
3.206304218932776,315,85,0,3,0,1
2.490698219362642,294,105,0,3,1,1
2.778591228083953,322,106,1,1,0,1
2.5773874735413997,327,87,2,1,0,1
2.7113454329298983,302,98,0,1,0,1
3.438091810368491,285,80,0,2,1,1
2.5942434312463503,325,108,0,0,1,1
3.1328092805937944,329,114,0,0,1,1
2.9521008043981993,323,119,1,1,1,1
3.3273423307252963,338,93,1,1,0,1
3.873659478649516,322,114,0,1,1,1
3.4651441944205006,324,99,2,3,0,1
2.4298807571815138,300,92,0,1,1,1
2.0623662701225696,302,117,2,3,1,1
2.5245280885996504,322,87,0,0,1,1
3.19015586140051,334,99,2,2,0,1
2.1028516269685005,295,112,0,2,0,1
2.992732494402473,326,105,2,2,0,1
3.1936856978337786,332,118,0,2,0,1
2.668487781633922,339,100,0,3,0,1
3.541824407491644,294,88,2,3,1,1
2.2131965062675434,304,103,1,1,0,1
2.1502755634716175,315,116,2,3,0,1
3.4563775124072067,290,96,1,1,0,1
2.990982632412397,330,103,0,1,0,1
3.376804792855472,294,100,2,2,1,1
2.8696546772074925,283,118,2,3,0,1
2.4928040664782136,300,118,2,3,1,1
3.6382046353483997,292,92,1,1,1,1
3.5988317579379583,301,90,1,1,1,1
3.3893929417088535,298,98,0,0,0,1
2.544290274459925,313,90,1,0,1,1
3.180461333738174,293,92,1,1,0,1
2.7219477938800534,283,80,0,0,0,1
2.1831641466532683,327,119,2,0,0,1
3.8346271509244856,332,98,2,1,0,1
2.273637261837923,331,91,0,1,0,1
3.900474707641605,325,87,2,3,1,1
2.8920115459159117,306,87,1,1,1,1
